#|Country,Other|TotalCases|NewCases|TotalDeaths|NewDeaths|TotalRecovered|NewRecovered|ActiveCases|Serious,Critical|Tot Cases/1M pop|Deaths/1M pop|TotalTests|"Tests/1M pop"|Population|Continent|1 Caseevery X ppl|1 Deathevery X ppl|1 Testevery X ppl|New Cases/1M pop|New Deaths/1M pop|Active Cases/1M pop
|North America|46,228,068|+7,779|974,104|+234|36,857,992|+15,625|8,395,972|30,427||||||North America||||||
|Asia|67,920,263|+104,770|999,612|+1,754|63,217,908|+122,421|3,702,743|41,660||||||Asia||||||
|South America|36,604,486|+249|1,120,937|+6|34,343,080|+770|1,140,469|23,983||||||South America||||||
|Europe|54,223,115|+23,454|1,160,589|+826|49,119,461|+23,306|3,943,065|10,198||||||Europe||||||
|Africa|7,575,977|+1,726|189,672|+35|6,676,075|+1,767|710,230|4,913||||||Africa||||||
|Oceania|146,978|+1,521|1,911|+9|106,142|+616|38,925|450||||||Australia/Oceania||||||
|World|212,699,608|+139,499|4,446,840|+2,864|190,321,364|+164,505|17,931,404|111,631|27,287|570.5||||All||||||
1|USA|38,545,144||645,058||30,472,804||7,427,282|23,302|115,677|1,936|566,435,673|1,699,911|333,214,890|North America|9|517|1|||22,290
2|India|32,449,306|+337|434,784||31,680,626|+7,523|333,896|8,944|23,254|312|507,551,399|363,717|1,395,457,353|Asia|43|3,210|3|0.2||239
3|Brazil|20,570,891||574,574||19,448,816||547,501|8,318|96,000|2,681|56,580,445|264,048|214,281,173|South America|10|373|4|||2,555
4|Russia|6,766,541|+19,454|176,820|+776|6,034,867|+15,401|554,854|2,300|46,344|1,211|175,500,000|1,202,007|146,005,843|Europe|22|826|1|133|5|3,800
5|France|6,619,611||113,311||6,038,492||467,808|1,807|101,158|1,732|111,773,788|1,708,081|65,438,227|Europe|10|578|1|||7,149
6|UK|6,492,906||131,640||5,056,571||1,304,695|928|95,075|1,928|260,932,495|3,820,808|68,292,493|Europe|11|519|0|||19,105
7|Turkey|6,215,663||54,533||5,708,549||452,581|633|72,806|639|73,815,446|864,628|85,372,527|Asia|14|1,566|1|||5,301
8|Argentina|5,133,831||110,352||4,814,020||209,459|3,298|112,416|2,416|21,325,706|466,971|45,668,187|South America|9|414|2|||4,587
9|Colombia|4,889,537||124,216||4,718,500||46,821|8,155|94,942|2,412|23,754,923|461,256|51,500,501|South America|11|415|2|||909
10|Spain|4,770,453||83,136||4,078,846||608,471|1,818|101,986|1,777|59,650,532|1,275,253|46,775,436|Europe|10|563|1|||13,008
11|Iran|4,677,114||102,038||3,932,472||642,604|7,662|54,885|1,197|27,666,082|324,656|85,216,720|Asia|18|835|3|||7,541
12|Italy|4,484,613||128,751||4,220,924||134,938|472|74,297|2,133|82,003,364|1,358,563|60,360,383|Europe|13|469|1|||2,236
13|Indonesia|3,989,060|+9,604|127,214|+842|3,571,082|+24,758|290,764||14,410|460|30,705,570|110,924|276,817,411|Asia|69|2,176|9|35|3|1,050
14|Germany|3,876,024||92,478||3,702,100|+3,500|81,446|712|46,094|1,100|68,329,706|812,584|84,089,414|Europe|22|909|1|||969
15|Mexico|3,225,073|+7,658|253,155|+228|2,553,626|+15,619|418,292|4,798|24,718|1,940|9,420,060|72,198|130,475,416|North America|40|515|14|59|2|3,206
16|Poland|2,886,805|+107|75,316||2,656,317|+174|155,172|38|76,372|1,993|19,475,420|515,232|37,799,317|Europe|13|502|2|3||4,105
17|South Africa|2,690,973||79,421||2,444,409||167,143|546|44,730|1,320|16,003,114|266,010|60,159,918|Africa|22|757|4|||2,778
18|Ukraine|2,275,171|+610|53,474|+17|2,201,433|+434|20,264|177|52,383|1,231|11,827,261|272,306|43,433,788|Europe|19|812|4|14|0.4|467
19|Peru|2,142,153||197,879||N/A|N/A|N/A|1,459|63,955|5,908|16,425,523|490,394|33,494,569|South America|16|169|2|||6,676
20|Netherlands|1,918,769||17,953||1,815,715||85,101|208|111,698|1,045|16,378,211|953,435|17,178,109|Europe|9|957|1|||4,954
21|Philippines|1,857,646|+18,332|31,961|+151|1,695,335|+13,794|130,350|2,936|16,699|287|18,111,151|162,810|111,241,145|Asia|60|3,481|6|165|1|1,172
22|Iraq|1,825,089||20,184||1,659,168||145,737|1,017|44,247|489|13,966,576|338,601|41,247,882|Asia|23|2,044|3|||3,533
23|Czechia|1,677,619|+107|30,385||1,645,507|+3|1,727|8|156,325|2,831|35,263,872|3,285,973|10,731,639|Europe|6|353|0|10||161
24|Chile|1,633,816||36,650||1,590,252||6,914|842|84,640|1,899|19,843,774|1,028,008|19,303,137|South America|12|527|1|||358
25|Malaysia|1,572,765|+17,672|14,342|+174|1,297,723|+19,053|260,700|1,040|47,895|437|21,424,251|652,422|32,838,042|Asia|21|2,290|2|538|5|7,939
26|Canada|1,468,813||26,792||1,417,263||24,758|274|38,532|703|39,731,231|1,042,291|38,119,126|North America|26|1,423|1|||649
27|Bangladesh|1,461,998||25,282||1,363,874||72,842|1,422|8,778|152|8,649,517|51,931|166,558,093|Asia|114|6,588|19|||437
28|Japan|1,300,353|+22,285|15,631|+35|1,066,309|+14,088|218,413|1,898|10,317|124|20,666,268|163,973|126,034,587|Asia|97|8,063|6|177|0.3|1,733
29|Belgium|1,163,726||25,320||1,083,370||55,036|178|99,915|2,174|18,240,201|1,566,069|11,647,125|Europe|10|460|1|||4,725
30|Pakistan|1,127,584|+3,772|25,003|+80|1,012,662|+3,107|89,919|5,390|4,994|111|17,276,450|76,523|225,768,142|Asia|200|9,030|13|17|0.4|398
31|Sweden|1,116,584||14,629||1,082,660|+445|19,295|30|109,781|1,438|11,536,406|1,134,241|10,171,034|Europe|9|695|1|||1,897
32|Romania|1,091,340|+415|34,425|+13|1,052,055|+68|4,860|193|57,165|1,803|11,205,580|586,951|19,091,162|Europe|17|555|2|22|0.7|255
33|Thailand|1,066,786|+17,491|9,562|+242|861,770|+22,134|195,454|5,615|15,240|137|8,129,670|116,139|69,999,708|Asia|66|7,321|9|250|3|2,792
34|Portugal|1,019,420||17,639||956,316||45,465|152|100,309|1,736|16,510,990|1,624,653|10,162,779|Europe|10|576|1|||4,474
35|Israel|994,615|+1,446|6,830||919,984|+2,166|67,801|670|106,650|732|18,484,044|1,981,991|9,326,000|Asia|9|1,365|1|155||7,270
36|Hungary|811,121|+340|30,052|+6|771,530|+1,753|9,539|10|84,208|3,120|6,492,441|674,024|9,632,358|Europe|12|321|1|35|0.6|990
37|Morocco|810,949||11,792||724,545||74,612|1,442|21,678|315|8,642,296|231,024|37,408,659|Africa|46|3,172|4|||1,995
38|Jordan|789,474||10,293||766,871||12,310|652|76,511|998|8,997,227|871,951|10,318,498|Asia|13|1,002|1|||1,193
39|Switzerland|752,761||10,941||700,097||41,723|146|86,259|1,254|9,481,152|1,086,448|8,726,741|Europe|12|798|1|||4,781
40|Nepal|747,433||10,509||698,173||38,751||25,138|353|3,830,691|128,838|29,732,721|Asia|40|2,829|8|||1,303
41|Kazakhstan|743,220|+6,314|8,415|+113|615,816|+5,097|118,989|221|39,050|442|11,575,012|608,174|19,032,410|Asia|26|2,262|2|332|6|6,252
42|Serbia|742,313||7,214||715,825||19,274|31|85,351|829|4,903,335|563,783|8,697,200|Europe|12|1,206|2|||2,216
43|UAE|709,378||2,020||690,926||16,432||70,751|201|71,909,314|7,171,964|10,026,447|Asia|14|4,964|0|||1,639
44|Austria|677,603|+1,077|10,763|+1|654,355|+791|12,485|77|74,750|1,187|74,116,688|8,176,166|9,064,969|Europe|13|842|0|119|0.1|1,377
45|Tunisia|640,897||22,537||592,041||26,319|630|53,589|1,884|2,469,723|206,508|11,959,453|Africa|19|531|5|||2,201
46|Lebanon|592,156||8,011||544,863||39,282|54|87,203|1,180|4,759,054|700,834|6,790,555|Asia|11|848|1|||5,785
47|Cuba|583,299||4,544||530,211||48,544|505|51,534|401|7,490,885|661,813|11,318,729|North America|19|2,491|2|||4,289
48|Greece|559,186||13,351||508,081||37,754|318|53,950|1,288|14,730,200|1,421,157|10,364,936|Europe|19|776|1|||3,642
49|Saudi Arabia|541,994||8,481||528,636||4,877|1,156|15,297|239|26,897,052|759,145|35,430,697|Asia|65|4,178|1|||138
50|Georgia|517,098|+2,354|6,831|+60|453,488|+5,200|56,779||129,910|1,716|7,715,357|1,938,323|3,980,429|Asia|8|583|1|591|15|14,265
51|Ecuador|495,115||31,985||443,880||19,250|759|27,586|1,782|1,719,064|95,781|17,947,873|South America|36|561|10|||1,073
52|Bolivia|486,643|+249|18,302|+6|427,631|+770|40,710|220|41,052|1,544|2,224,611|187,664|11,854,244|South America|24|648|5|21|0.5|3,434
53|Belarus|469,717||3,681||463,599||2,437||49,728|390|7,660,634|811,012|9,445,777|Europe|20|2,566|1|||258
54|Paraguay|457,725||15,571||435,179||6,975|180|63,289|2,153|1,751,877|242,230|7,232,280|South America|16|464|4|||964
55|Panama|452,598||7,009||436,285||9,304|108|103,050|1,596|3,587,112|816,730|4,392,039|North America|10|627|1|||2,118
56|Bulgaria|441,295||18,475||401,642||21,178|202|64,061|2,682|4,014,833|582,813|6,888,716|Europe|16|373|2|||3,074
57|Costa Rica|440,647||5,312||354,010||81,325|420|85,611|1,032|1,968,955|382,536|5,147,106|North America|12|969|3|||15,800
58|Guatemala|439,253||11,500||377,554||50,199|5|24,013|629|2,093,500|114,447|18,292,377|North America|42|1,591|9|||2,744
59|Kuwait|408,245||2,404||401,317||4,524|153|94,013|554|3,675,455|846,404|4,342,436|Asia|11|1,806|1|||1,042
60|Slovakia|394,093|+11|12,547||380,512|+19|1,034|11|72,143|2,297|3,277,867|600,050|5,462,659|Europe|14|435|2|2||189
61|Azerbaijan|391,506||5,308||345,783||40,415||38,221|518|4,319,841|421,724|10,243,281|Asia|26|1,930|2|||3,946
62|Sri Lanka|390,000||7,366||323,390||59,244||18,126|342|4,575,585|212,664|21,515,607|Asia|55|2,921|5|||2,754
63|Uruguay|384,094||6,016||376,711||1,367|18|110,136|1,725|3,270,618|937,823|3,487,456|South America|9|580|1|||392
64|Myanmar|373,685||14,374||298,875||60,436||6,816|262|3,426,209|62,493|54,825,469|Asia|147|3,814|16|||1,102
65|Croatia|369,838|+73|8,303|+2|359,099|+330|2,436|42|90,727|2,037|2,470,457|606,044|4,076,363|Europe|11|491|2|18|0.5|598
66|Vietnam|348,059||8,277||147,667||192,115||3,539|84|15,271,562|155,299|98,336,244|Asia|283|11,881|6|||1,954
67|Dominican Republic|347,835||3,989||338,997||4,849|133|31,703|364|1,928,791|175,795|10,971,805|North America|32|2,751|6|||442
68|Denmark|337,466||2,566||321,556||13,344|20|58,029|441|79,692,682|13,703,593|5,815,459|Europe|17|2,266|0|||2,295
69|Ireland|337,117||5,074||285,451||46,592|59|67,415|1,015|6,415,912|1,283,031|5,000,591|Europe|15|986|1|||9,317
70|Honduras|326,830||8,594||105,153||213,083|552|32,411|852|945,963|93,810|10,083,814|North America|31|1,173|11|||21,131
71|Palestine|326,310||3,637||314,452||8,221|31|62,319|695|2,074,147|396,123|5,236,114|Asia|16|1,440|3|||1,570
72|Venezuela|325,716||3,895||311,746||10,075|681|11,492|137|3,359,014|118,509|28,343,992|South America|87|7,277|8|||355
73|Oman|301,450|+151|4,038|+7|290,410|+266|7,002|81|57,375|769|1,550,000|295,009|5,254,075|Asia|17|1,301|3|29|1|1,333
74|libya|296,879|+1,625|4,076|+25|214,470|+1,270|78,333||42,547|584|1,475,718|211,493|6,977,636|Africa|24|1,712|5|233|4|11,226
75|Ethiopia|295,804||4,561||269,132||22,111|484|2,503|39|3,164,055|26,769|118,197,055|Africa|400|25,915|37|||187
76|Lithuania|294,086|+314|4,494|+6|276,188|+153|13,404|92|109,779|1,678|4,321,090|1,613,021|2,678,881|Europe|9|596|1|117|2|5,004
77|Egypt|286,352||16,671||235,864||33,817|90|2,739|159|3,068,679|29,357|104,528,784|Africa|365|6,270|34|||324
78|Bahrain|271,631||1,386||269,260||985|6|153,586|784|5,781,405|3,268,935|1,768,590|Asia|7|1,276|0|||557
79|Moldova|264,432||6,363||255,279||2,790|42|65,726|1,582|1,528,763|379,981|4,023,264|Europe|15|632|3|||693
80|Slovenia|263,664|+116|4,441|+1|255,725|+45|3,498|10|126,806|2,136|1,427,627|686,602|2,079,264|Europe|8|468|1|56|0.5|1,682
81|Armenia|237,885|+251|4,762|+10|224,493|+239|8,630||80,108|1,604|1,489,110|501,458|2,969,559|Asia|12|624|2|85|3|2,906
82|S. Korea|237,782|+1,416|2,222|+7|207,601|+1,325|27,959|399|4,633|43|12,694,029|247,353|51,319,513|Asia|216|23,096|4|28|0.1|545
83|Qatar|230,837||601||227,445||2,791|20|82,213|214|2,453,234|873,720|2,807,805|Asia|12|4,672|1|||994
84|Kenya|229,009||4,497||212,036||12,476|149|4,155|82|2,312,027|41,948|55,116,988|Africa|241|12,256|24|||226
85|Bosnia and Herzegovina|209,073||9,722||192,218||7,133||64,182|2,984|1,113,991|341,975|3,257,520|Europe|16|335|3|||2,190
86|Zambia|204,549||3,574||198,559||2,416|170|10,784|188|2,222,483|117,169|18,968,160|Africa|93|5,307|9|||127
87|Mongolia|195,250|+1,566|902|+4|184,559|+1,674|9,789|192|58,487|270|3,647,780|1,092,691|3,338,345|Asia|17|3,701|1|469|1|2,932
88|Algeria|191,583||5,004||129,950||56,629|37|4,281|112|230,861|5,159|44,751,444|Africa|234|8,943|194|||1,265
89|Nigeria|187,023||2,268||168,455||16,300|11|882|11|2,648,684|12,497|211,940,963|Africa|1,133|93,448|80|||77
90|Kyrgyzstan|174,148|+228|2,489|+5|166,702|+394|4,957|131|26,201|374|1,631,560|245,472|6,646,631|Asia|38|2,670|4|34|0.8|746
91|North Macedonia|168,872||5,668||152,098||11,106||81,061|2,721|1,108,429|532,061|2,083,276|Europe|12|368|2|||5,331
92|Afghanistan|152,583||7,076||108,262||37,245|1,124|3,822|177|748,284|18,743|39,924,312|Asia|262|5,642|53|||933
93|Uzbekistan|149,876|+818|1,028|+7|142,632|+887|6,216|23|4,405|30|1,377,915|40,502|34,021,169|Asia|227|33,095|25|24|0.2|183
94|Norway|148,608||811||88,952||58,845|6|27,170|148|6,950,992|1,270,855|5,469,540|Europe|37|6,744|1|||10,759
95|Botswana|146,461||2,081||134,260||10,120|1|60,883|865|1,599,459|664,891|2,405,595|Africa|16|1,156|2|||4,207
96|Mozambique|142,784||1,800||126,041||14,943|32|4,428|56|827,241|25,652|32,249,049|Africa|226|17,916|39|||463
97|Latvia|141,118|+73|2,569||136,903|+115|1,646|10|75,773|1,379|3,311,552|1,778,134|1,862,375|Europe|13|725|1|39||884
98|Albania|139,324||2,478||131,273||5,573|3|48,474|862|1,003,079|348,993|2,874,212|Europe|21|1,160|3|||1,939
99|Estonia|139,126|+319|1,285|+4|131,596|+43|6,245|13|104,799|968|1,716,723|1,293,148|1,327,553|Europe|10|1,033|1|240|3|4,704
100|Namibia|123,581||3,342||118,085||2,154|41|47,655|1,289|646,571|249,330|2,593,229|Africa|21|776|4|||831
101|Zimbabwe|122,652||4,249||106,810||11,593|12|8,118|281|1,225,474|81,108|15,109,127|Africa|123|3,556|12|||767
102|Finland|122,417|+371|1,008||46,000||75,409|23|22,055|182|6,329,278|1,140,300|5,550,537|Europe|45|5,506|1|67||13,586
103|Ghana|114,584||968||106,969||6,647|53|3,602|30|1,544,519|48,554|31,810,044|Africa|278|32,862|21|||209
104|Cyprus|111,333||483||90,755||20,095|92|91,453|397|9,366,973|7,694,409|1,217,374|Asia|11|2,520|0|||16,507
105|Montenegro|109,962||1,671||102,065||6,226|11|175,055|2,660|587,257|934,889|628,157|Europe|6|376|1|||9,912
106|Uganda|97,453||2,931||95,217||-695|527|2,057|62|1,536,425|32,428|47,378,859|Africa|486|16,165|31|||-14.67
107|El Salvador|92,686||2,846|+6|79,029||10,811|152|14,208|436|1,192,402|182,785|6,523,511|North America|70|2,292|5||0.9|1,657
108|Cambodia|89,641|+410|1,808|+16|85,618|+537|2,215||5,278|106|2,054,302|120,967|16,982,297|Asia|189|9,393|8|24|0.9|130
109|Rwanda|83,023||1,021||45,222||36,780|42|6,234|77|2,313,938|173,761|13,316,785|Africa|160|13,043|6|||2,762
110|Cameroon|82,454||1,338||80,433||683|152|3,021|49|1,751,774|64,177|27,296,155|Africa|331|20,401|16|||25
111|Maldives|79,959||223||78,076||1,660|18|145,019|404|1,296,918|2,352,169|551,371|Asia|7|2,473|0|||3,011
112|Luxembourg|74,985||830||73,467||688|3|117,612|1,302|3,375,755|5,294,779|637,563|Europe|9|768|0|||1,079
113|Senegal|72,015|+88|1,680|+9|57,889|+495|12,446|50|4,176|97|720,702|41,792|17,244,776|Africa|239|10,265|24|5|0.5|722
114|Singapore|66,478||49||65,601||828|7|11,262|8|16,926,698|2,867,588|5,902,765|Asia|89|120,465|0|||140
115|Jamaica|61,833||1,388||47,721||12,724|56|20,778|466|531,130|178,477|2,975,902|North America|48|2,144|6|||4,276
116|Malawi|59,471||2,074||45,552||11,845|285|3,020|105|376,943|19,143|19,691,119|Africa|331|9,494|52|||602
117|DRC|54,009||1,053||30,858||22,098||583|11|306,299|3,306|92,649,394|Africa|1,715|87,986|302|||239
118|Ivory Coast|53,645||395||52,405||845||1,978|15|864,834|31,889|27,119,973|Africa|506|68,658|31|||31
119|Réunion|46,754||310||42,770||3,674|33|51,800|343|173,764|192,516|902,593|Africa|19|2,912|5|||4,070
120|Angola|45,945||1,153||42,384||2,408|8|1,350|34|830,836|24,418|34,025,564|Africa|741|29,510|41|||71
121|Australia|44,920|+892|984|+3|31,593||12,343|90|1,739|38|29,819,169|1,154,138|25,836,752|Australia/Oceania|575|26,257|1|35|0.1|478
122|Fiji|44,188|+591|444|+6|24,425|+616|19,319|310|48,889|491|362,890|401,495|903,847|Australia/Oceania|20|2,036|2|654|7|21,374
123|Trinidad and Tobago|43,033||1,225||36,468||5,340|22|30,636|872|296,840|211,326|1,404,655|North America|33|1,147|5|||3,802
124|Madagascar|42,847|+2|955|+1|41,276|+2|616|16|1,503|34|237,216|8,324|28,499,179|Africa|665|29,842|120|0.07|0.04|22
125|Eswatini|40,455||1,004||29,710||9,741|10|34,464|855|301,853|257,149|1,173,844|Africa|29|1,169|4|||8,298
126|Guadeloupe|40,018||324||2,250||37,444|23|99,995|810|335,167|837,495|400,202|North America|10|1,235|1|||93,563
127|Sudan|37,640||2,822||31,593||3,225||836|63|238,579|5,300|45,012,130|Africa|1,196|15,950|189|||72
128|French Polynesia|36,372||257||29,176||6,939|38|128,633|909|26,355|93,207|282,759|Australia/Oceania|8|1,100|11|||24,540
129|Malta|35,831|+57|436||34,312|+37|1,083|3|80,904|984|1,164,947|2,630,366|442,884|Europe|12|1,016|0|129||2,445
130|Cabo Verde|34,738||303||33,806||629|23|61,717|538|205,858|365,733|562,864|Africa|16|1,858|3|||1,117
131|French Guiana|33,060||204||9,995||22,861|23|107,523|663|347,345|1,129,687|307,470|South America|9|1,507|1|||74,352
132|Mauritania|31,822||673||28,167||2,982|16|6,646|141|426,104|88,987|4,788,388|Africa|150|7,115|11|||623
133|Martinique|31,369||243||104||31,022|1|83,666|648|292,898|781,201|374,933|North America|12|1,543|1|||82,740
134|Guinea|28,802||314||26,212||2,276|24|2,128|23|529,762|39,134|13,537,073|Africa|470|43,112|26|||168
135|Suriname|27,503||699||23,258||3,546|14|46,409|1,180|99,435|167,789|592,620|South America|22|848|6|||5,984
136|Syria|26,901||1,971||22,287||2,643||1,496|110|103,566|5,759|17,983,437|Asia|669|9,124|174|||147
137|Gabon|25,667||165||25,437||65|5|11,231|72|1,054,727|461,510|2,285,382|Africa|89|13,851|2|||28
138|Guyana|24,336||594||22,364||1,378|16|30,771|751|254,453|321,734|790,879|South America|32|1,331|3|||1,742
139|Haiti|20,719||583||16,679||3,457||1,792|50|105,799|9,152|11,560,776|North America|558|19,830|109|||299
140|Mayotte|19,664||175||2,964||16,525|1|70,156|624|176,919|631,200|280,290|Africa|14|1,602|2|||58,957
141|Togo|19,614||172||16,105||3,337||2,308|20|446,467|52,531|8,499,104|Africa|433|49,413|19|||393
142|Seychelles|19,390||101||18,650||639||195,778|1,020|21,504|217,122|99,041|Africa|5|981|5|||6,452
143|Papua New Guinea|17,832||192||17,547||93|7|1,951|21|150,870|16,507|9,139,706|Australia/Oceania|513|47,603|61|||10
144|Bahamas|16,962||330||13,539||3,093|16|42,669|830|128,688|323,724|397,524|North America|23|1,205|3|||7,781
145|Somalia|16,787||918||8,077||7,792||1,024|56|190,581|11,623|16,396,364|Africa|977|17,861|86|||475
146|Tajikistan|16,423||124||16,174||125||1,679|13|||9,781,011|Asia|596|78,879||||13
147|Taiwan|15,932|+6|828||14,868|+21|236||668|35|4,672,849|195,796|23,865,938|Asia|1,498|28,824|5|0.3||10
148|Belize|15,415||351||14,149||915|6|37,983|865|206,689|509,292|405,836|North America|26|1,156|2|||2,255
149|Andorra|14,988||129||14,729||130|7|193,628|1,667|193,595|2,501,034|77,406|Europe|5|600|0|||1,679
150|Curaçao|14,937||137||14,240||560|4|90,605|831|222,464|1,349,428|164,858|North America|11|1,203|1|||3,397
151|Mali|14,757||536||14,053||168||706|26|371,233|17,752|20,912,567|Africa|1,417|39,016|56|||8
152|Timor-Leste|14,403|+187|49|+1|10,971|+67|3,383||10,693|36|169,501|125,837|1,346,993|Asia|94|27,490|8|139|0.7|2,512
153|Lesotho|14,382|+11|400||6,763||7,219||6,653|185|146,348|67,704|2,161,598|Africa|150|5,404|15|5||3,340
154|Aruba|14,003||126||13,130||747|14|130,524|1,174|177,885|1,658,091|107,283|North America|8|851|1|||6,963
155|Burkina Faso|13,713||171||13,461||81||636|8|209,088|9,701|21,553,744|Africa|1,572|126,045|103|||4
156|Congo|13,398||179||12,421||798||2,362|32|188,207|33,180|5,672,315|Africa|423|31,689|30|||141
157|Laos|12,469||11||4,604||7,854||1,686|1|358,190|48,432|7,395,697|Asia|593|672,336|21|||1,062
158|Hong Kong|12,063|+5|212||11,766||85||1,594|28|22,744,169|3,005,992|7,566,277|Asia|627|35,690|0|0.7||11
159|Djibouti|11,696||157||11,527||12||11,645|156|202,964|202,085|1,004,349|Africa|86|6,397|5|||12
160|South Sudan|11,310||120||10,948||242||997|11|209,687|18,486|11,343,144|Africa|1,003|94,526|54|||21
161|CAR|11,251||99||6,859||4,293|2|2,284|20|60,228|12,228|4,925,267|Africa|438|49,750|82|||872
162|Burundi|10,791||38||773||9,980||878|3|345,742|28,126|12,292,472|Africa|1,139|323,486|36|||812
163|Nicaragua|10,672||198||4,225||6,249||1,589|29|||6,714,287|North America|629|33,911||||931
164|Channel Islands|10,204||93||9,618||493||58,080|529|785,170|4,469,116|175,688|Europe|17|1,889|0|||2,806
165|Benin|10,183||119||8,402||1,662|5|816|10|604,310|48,408|12,483,649|Africa|1,226|104,905|21|||133
166|Iceland|10,115||30||9,066||1,019|22|29,424|87|942,225|2,740,883|343,767|Europe|34|11,459|0|||2,964
167|Gambia|9,439||296||8,865||278|3|3,785|119|101,817|40,830|2,493,705|Africa|264|8,425|24|||111
168|Equatorial Guinea|9,049||123||8,803||123||6,218|85|187,519|128,858|1,455,232|Africa|161|11,831|8|||85
169|Yemen|7,509||1,418||4,644||1,447|23|246|46|217,824|7,125|30,572,294|Asia|4,071|21,560|140|||47
170|Saint Lucia|7,232|+121|97||5,700|+6|1,435|4|39,180|526|65,853|356,764|184,584|North America|26|1,903|3|656||7,774
171|Mauritius|7,070||22||1,854||5,194||5,549|17|358,675|281,496|1,274,175|Africa|180|57,917|4|||4,076
172|Eritrea|6,623||37||6,565||21||1,839|10|23,693|6,577|3,602,282|Africa|544|97,359|152|||6
173|Sierra Leone|6,355||121||4,342||1,892||779|15|160,729|19,694|8,161,354|Africa|1,284|67,449|51|||232
174|Isle of Man|6,312||37||5,765||510|1|73,785|433|83,753|979,041|85,546|Europe|14|2,312|1|||5,962
175|Niger|5,770||196||5,490||84||229|8|139,342|5,530|25,199,159|Africa|4,367|128,567|181|||3
176|Guinea-Bissau|5,518||103||4,592||823|4|2,731|51|89,236|44,158|2,020,829|Africa|366|19,620|23|||407
177|liberia|5,459||148||2,715||2,596|2|1,051|29|128,246|24,697|5,192,697|Africa|951|35,086|40|||500
178|Gibraltar|5,290|+3|96||5,088|+14|106|5|157,067|2,850|330,405|9,810,125|33,680|Europe|6|351|0|89||3,147
179|San Marino|5,231||90||5,077||64|1|153,799|2,646|73,543|2,162,266|34,012|Europe|7|378|0|||1,882
180|Chad|4,985||174||4,805||6||294|10|136,887|8,071|16,960,608|Africa|3,402|97,475|124|||0.4
181|Barbados|4,640||48||4,454||138||16,124|167|247,193|858,977|287,776|North America|62|5,995|1|||480
182|Comoros|4,050||147||3,888||15||4,547|165|||890,650|Africa|220|6,059||||17
183|Sint Maarten|3,394||42||3,037||315|2|78,149|967|37,841|871,310|43,430|North America|13|1,034|1|||7,253
184|Liechtenstein|3,228|+5|59||3,104|+28|65|3|84,386|1,542|49,126|1,284,239|38,253|Europe|12|648|1|131||1,699
185|Monaco|3,133||33||3,000||100|6|79,198|834|54,960|1,389,317|39,559|Europe|13|1,199|1|||2,528
186|Saint Martin|3,094||41||1,399||1,654|7|78,496|1,040|52,859|1,341,054|39,416|North America|13|961|1|||41,963
187|New Zealand|3,054|+38|26||2,874||154|5|611|5|2,727,853|545,342|5,002,100|Australia/Oceania|1,638|192,388|2|8||31
188|Bermuda|2,750||33||2,593||124|1|44,344|532|436,268|7,034,879|62,015|North America|23|1,879|0|||2,000
189|Turks and Caicos|2,612||20||2,503||89|1|66,441|509|94,789|2,411,136|39,313|North America|15|1,966|0|||2,264
190|Bhutan|2,585||3||2,553||29||3,309|4|798,573|1,022,130|781,283|Asia|302|260,428|1|||37
191|British Virgin Islands|2,568||37||2,500||31|7|84,307|1,215|77,252|2,536,179|30,460|North America|12|823|0|||1,018
192|Sao Tome and Principe|2,524||37||2,403||84||11,279|165|14,689|65,639|223,786|Africa|89|6,048|15|||375
193|St. Vincent Grenadines|2,320||12||2,261||47|2|20,837|108|64,768|581,703|111,342|North America|48|9,279|2|||422
194|Brunei|1,873|+104|3||436|+17|1,434|27|4,235|7|204,923|463,365|442,250|Asia|236|147,417|2|235||3,243
195|Caribbean Netherlands|1,774||17||1,721||36||66,941|641|20,707|781,367|26,501|North America|15|1,559|1|||1,358
196|Antigua and Barbuda|1,490||43||1,299||148|9|15,073|435|17,409|176,110|98,853|North America|66|2,299|6|||1,497
197|St. Barth|1,489||2||462||1,025||150,237|202|38,369|3,871,355|9,911|North America|7|4,956|0|||103,420
198|Tanzania|1,367||50||183||1,134|7|22|0.8|||61,664,623|Africa|45,109|1,233,292||||18
199|Dominica|1,339||1||794||544||18,548|14|41,298|572,074|72,190|North America|54|72,190|2|||7,536
200|Faeroe Islands|997|+2|2||991|+3|4||20,316|41|401,000|8,171,167|49,075|Europe|49|24,538|0|41||82
201|Saint Kitts and Nevis|823||3||604||216|1|15,346|56|28,471|530,898|53,628|North America|65|17,876|2|||4,028
202|Diamond Princess|712||13||699||0|||||||||||||
203|Cayman Islands|663||2||649||12||9,955|30|124,033|1,862,329|66,601|North America|100|33,301|1|||180
204|Wallis and Futuna|445||7||438||0||40,403|636|20,508|1,861,994|11,014|Australia/Oceania|25|1,573|1|||
205|Greenland|298||||212||86|2|5,239||54,121|951,461|56,882|North America|191||1|||1,512
206|Grenada|222||1||182||39||1,963|9|54,402|480,936|113,117|North America|510|113,117|2|||345
207|Anguilla|166||||135||31||10,953||37,111|2,448,601|15,156|North America|91||0|||2,045
208|New Caledonia|135||||58||77||468||41,120|142,469|288,624|Australia/Oceania|2,138||7|||267
209|Falkland Islands|66||||63||3||18,359||7,409|2,060,918|3,595|South America|54||0|||834
210|Macao|63||||59||4||96||4,739|7,187|659,409|Asia|10,467||139|||6
211|Saint Pierre Miquelon|30||||30||0||5,207||7,800|1,353,697|5,762|North America|192||1|||
212|Vatican City|27||||27||0||33,624||||803|Europe|30|||||
213|Montserrat|25||1||20||4||5,005|200|1,408|281,882|4,995|North America|200|4,995|4|||801
214|Solomon Islands|20||||20||0||28||4,500|6,374|706,011|Australia/Oceania|35,301||157|||
215|Western Sahara|10||1||8||1||16|2|||614,016|Africa|61,402|614,016||||2
216|MS Zaandam|9||2||7||0|||||||||||||
217|Vanuatu|4||1||3||0||13|3|23,000|72,947|315,297|Australia/Oceania|78,824|315,297|14|||
218|Marshall Islands|4||||4||0||67||||59,645|Australia/Oceania|14,911|||||
219|Samoa|3||||3||0||15||||199,916|Australia/Oceania|66,639|||||
220|Saint Helena|2||||2||0||328||||6,098|Africa|3,049|||||
221|Micronesia|1||||1||0||9||||116,396|Australia/Oceania|116,396|||||
222|China|94,652|+21|4,636||88,321|+74|1,695|23|66|3|160,000,000|111,163|1,439,323,776|Asia|15,206|310,467|9|0.01||1
|Asia|67,815,493|+239,308|997,858|+4,731|63,095,487|+242,446|3,722,148|41,533||||||Asia||||||
|North America|46,220,289|+65,266|973,870|+1,200|36,842,367|+39,238|8,404,052|30,427||||||North America||||||
|South America|36,604,237|+23,571|1,120,931|+729|34,342,310|+33,077|1,140,996|23,983||||||South America||||||
|Europe|54,199,661|+101,259|1,159,763|+1,034|49,096,155|+82,121|3,943,743|10,197||||||Europe||||||
|Africa|7,574,251|+25,917|189,637|+634|6,674,308|+24,133|710,306|4,913||||||Africa||||||
|Oceania|145,457|+1,236|1,902|+8|105,526|+1,144|38,029|450||||||Australia/Oceania||||||
|World|212,560,109|+456,557|4,443,976|+8,336|190,156,859|+422,159|17,959,274|111,503|27,269|570.1||||All||||||
1|China|94,631|+32|4,636||88,247|+70|1,748|30|66|3|160,000,000|111,163|1,439,323,776|Asia|15,210|310,467|9|0.02||1
2|USA|38,545,144|+30,810|645,058|+198|30,472,804|+9,748|7,427,282|23,302|115,677|1,936|566,435,673|1,699,911|333,214,890|North America|9|517|1|92|0.6|22,290
3|India|32,448,969|+25,420|434,784|+385|31,673,103|+44,103|341,082|8,944|23,253|312|506,256,239|362,789|1,395,457,353|Asia|43|3,210|3|18|0.3|244
4|Brazil|20,570,891|+14,404|574,574|+331|19,448,816|+17,619|547,501|8,318|96,000|2,681|56,580,445|264,048|214,281,173|South America|10|373|4|67|2|2,555
5|Russia|6,747,087|+20,564|176,044|+762|6,019,466|+15,414|551,577|2,300|46,211|1,206|174,600,000|1,195,843|146,005,843|Europe|22|829|1|141|5|3,778
6|France|6,619,611|+17,300|113,311|+44|6,038,536|+5,103|467,764|1,807|101,158|1,732|111,773,788|1,708,081|65,438,227|Europe|10|578|1|264|0.7|7,148
7|UK|6,492,906|+32,253|131,640|+49|5,056,571|+35,936|1,304,695|928|95,075|1,928|260,932,495|3,820,808|68,292,493|Europe|11|519|0|472|0.7|19,105
8|Turkey|6,215,663|+18,622|54,533|+206|5,708,549|+13,263|452,581|633|72,806|639|73,815,446|864,628|85,372,527|Asia|14|1,566|1|218|2|5,301
9|Argentina|5,133,831|+2,979|110,352|+135|4,814,020|+9,151|209,459|3,298|112,416|2,416|21,325,706|466,971|45,668,187|South America|9|414|2|65|3|4,587
10|Colombia|4,889,537|+2,640|124,216|+95|4,718,500|+3,282|46,821|8,155|94,942|2,412|23,754,923|461,256|51,500,501|South America|11|415|2|51|2|909
11|Spain|4,770,453||83,136||4,078,846||608,471|1,818|101,986|1,777|59,650,532|1,275,253|46,775,436|Europe|10|563|1|||13,008
12|Iran|4,677,114|+36,419|102,038|+684|3,932,472|+29,664|642,604|7,662|54,885|1,197|27,666,082|324,656|85,216,720|Asia|18|835|3|427|8|7,541
13|Italy|4,484,613|+5,923|128,751|+23|4,220,924|+4,382|134,938|472|74,297|2,133|82,003,364|1,358,563|60,360,383|Europe|13|469|1|98|0.4|2,236
14|Indonesia|3,979,456|+12,408|126,372|+1,030|3,546,324|+24,276|306,760||14,376|457|30,582,833|110,480|276,817,411|Asia|70|2,190|9|45|4|1,108
15|Germany|3,876,024|+5,948|92,478|+5|3,698,600|+2,300|84,946|712|46,094|1,100|68,329,706|812,584|84,089,414|Europe|22|909|1|71|0.06|1,010
16|Mexico|3,217,415|+20,307|252,927|+847|2,538,007|+16,910|426,481|4,798|24,659|1,939|9,404,287|72,077|130,475,416|North America|41|516|14|156|6|3,269
17|Poland|2,886,698|+185|75,316||2,656,143|+125|155,239|36|76,369|1,993|19,452,993|514,639|37,799,317|Europe|13|502|2|5||4,107
18|South Africa|2,690,973|+10,748|79,421|+170|2,444,409|+6,227|167,143|546|44,730|1,320|16,003,114|266,010|60,159,918|Africa|22|757|4|179|3|2,778
19|Ukraine|2,274,561|+1,003|53,457|+25|2,200,999|+236|20,105|177|52,368|1,231|11,816,619|272,061|43,433,788|Europe|19|812|4|23|0.6|463
20|Peru|2,142,153|+918|197,879|+61|N/A|N/A|N/A|1,459|63,955|5,908|16,425,523|490,394|33,494,569|South America|16|169|2|27|2|6,676
21|Netherlands|1,918,769|+2,453|17,953|+6|1,815,721|+6,387|85,095|208|111,698|1,045|16,378,211|953,435|17,178,109|Europe|9|957|1|143|0.3|4,954
22|Philippines|1,839,314|+15,723|31,810|+215|1,681,541|+13,568|125,963|2,936|16,534|286|18,111,151|162,810|111,241,145|Asia|60|3,497|6|141|2|1,132
23|Iraq|1,825,089|+5,634|20,184|+74|1,659,168|+9,647|145,737|1,017|44,247|489|13,966,576|338,601|41,247,882|Asia|23|2,044|3|137|2|3,533
24|Czechia|1,677,512|+133|30,385||1,645,504|+4|1,623|11|156,315|2,831|35,196,105|3,279,658|10,731,639|Europe|6|353|0|12||151
25|Chile|1,633,816|+663|36,650|+45|1,590,252|+768|6,914|842|84,640|1,899|19,843,774|1,028,008|19,303,137|South America|12|527|1|34|2|358
26|Malaysia|1,555,093|+19,807|14,168|+232|1,278,670|+18,200|262,255|1,026|47,356|431|21,424,251|652,422|32,838,042|Asia|21|2,318|2|603|7|7,986
27|Canada|1,468,813|+1,505|26,792|+2|1,417,263|+533|24,758|274|38,532|703|39,731,231|1,042,291|38,119,126|North America|26|1,423|1|39|0.05|649
28|Bangladesh|1,461,998|+4,804|25,282|+139|1,363,874|+8,453|72,842|1,422|8,778|152|8,649,517|51,931|166,558,093|Asia|114|6,588|19|29|0.8|437
29|Japan|1,278,068|+26,121|15,596|+33|1,052,221|+14,716|210,251|1,891|10,141|124|20,607,298|163,505|126,034,587|Asia|99|8,081|6|207|0.3|1,668
30|Belgium|1,163,726||25,320||1,083,370||55,036|178|99,915|2,174|18,240,201|1,566,069|11,647,125|Europe|10|460|1|||4,725
31|Pakistan|1,123,812|+3,842|24,923|+75|1,009,555|+3,477|89,334|5,301|4,978|110|17,222,569|76,284|225,768,142|Asia|201|9,059|13|17|0.3|396
32|Sweden|1,116,584||14,629||1,082,215|+477|19,740|30|109,781|1,438|11,536,406|1,134,241|10,171,034|Europe|9|695|1|||1,941
33|Romania|1,090,925|+517|34,412|+9|1,051,987|+187|4,526|190|57,143|1,803|11,190,628|586,168|19,091,162|Europe|17|555|2|27|0.5|237
34|Thailand|1,049,295|+19,014|9,320|+233|839,636|+20,672|200,339|5,615|14,990|133|8,129,670|116,139|69,999,708|Asia|67|7,511|9|272|3|2,862
35|Portugal|1,019,420|+2,112|17,639|+9|956,316|+1,226|45,465|152|100,309|1,736|16,510,990|1,624,653|10,162,779|Europe|10|576|1|208|0.9|4,474
36|Israel|993,169|+6,626|6,830|+55|917,818|+6,805|68,521|669|106,495|732|18,379,345|1,970,764|9,326,000|Asia|9|1,365|1|710|6|7,347
37|Morocco|810,949|+4,661|11,792|+115|724,545|+7,641|74,612|1,442|21,678|315|8,642,296|231,024|37,408,659|Africa|46|3,172|4|125|3|1,995
38|Hungary|810,781||30,046||769,777||10,958|11|84,173|3,119|6,467,683|671,454|9,632,358|Europe|12|321|1|||1,138
39|Jordan|789,474|+958|10,293|+8|766,871|+978|12,310|652|76,511|998|8,997,227|871,951|10,318,498|Asia|13|1,002|1|93|0.8|1,193
40|Switzerland|752,761||10,941||700,097||41,723|146|86,259|1,254|9,481,152|1,086,448|8,726,741|Europe|12|798|1|||4,781
41|Nepal|747,433|+1,702|10,509|+24|698,173|+2,248|38,751||25,138|353|3,830,691|128,838|29,732,721|Asia|40|2,829|8|57|0.8|1,303
42|Serbia|742,313|+1,242|7,214|+8|715,825|+413|19,274|31|85,351|829|4,903,335|563,783|8,697,200|Europe|12|1,206|2|143|0.9|2,216
43|Kazakhstan|736,906|+6,725|8,302|+93|610,719|+5,918|117,885|221|38,718|436|11,575,012|608,174|19,032,410|Asia|26|2,293|2|353|5|6,194
44|UAE|709,378|+1,076|2,020|+2|690,926|+1,649|16,432||70,751|201|71,909,314|7,171,964|10,026,447|Asia|14|4,964|0|107|0.2|1,639
45|Austria|676,526|+1,121|10,762|+1|653,564|+668|12,200|69|74,631|1,187|73,832,634|8,144,830|9,064,969|Europe|13|842|0|124|0.1|1,346
46|Tunisia|640,897|+2,825|22,537|+80|592,041|+2,084|26,319|630|53,589|1,884|2,469,723|206,508|11,959,453|Africa|19|531|5|236|7|2,201
47|Lebanon|592,156|+1,173|8,011|+3|544,863||39,282|54|87,203|1,180|4,759,054|700,834|6,790,555|Asia|11|848|1|173|0.4|5,785
48|Cuba|583,299|+9,548|4,544|+63|530,211|+7,981|48,544|505|51,534|401|7,490,885|661,813|11,318,729|North America|19|2,491|2|844|6|4,289
49|Greece|559,186|+1,947|13,351|+33|508,081|+4,158|37,754|318|53,950|1,288|14,730,200|1,421,157|10,364,936|Europe|19|776|1|188|3|3,642
50|Saudi Arabia|541,994|+384|8,481|+12|528,636|+737|4,877|1,156|15,297|239|26,897,052|759,145|35,430,697|Asia|65|4,178|1|11|0.3|138
51|Georgia|514,744|+3,803|6,771|+48|448,288|+5,332|59,685||129,319|1,701|7,692,482|1,932,576|3,980,429|Asia|8|588|1|955|12|14,995
52|Ecuador|495,115||31,985||443,880||19,250|759|27,586|1,782|1,719,064|95,781|17,947,873|South America|36|561|10|||1,073
53|Bolivia|486,394|+468|18,296|+27|426,861|+706|41,237|220|41,031|1,543|2,222,203|187,461|11,854,244|South America|24|648|5|39|2|3,479
54|Belarus|469,717|+1,302|3,681|+11|463,599|+1,355|2,437||49,728|390|7,660,634|811,012|9,445,777|Europe|20|2,566|1|138|1|258
55|Paraguay|457,725|+113|15,571|+21|435,179|+250|6,975|180|63,289|2,153|1,751,877|242,230|7,232,280|South America|16|464|4|16|3|964
56|Panama|452,598|+614|7,009|+6|436,285|+682|9,304|108|103,050|1,596|3,587,112|816,730|4,392,039|North America|10|627|1|140|1|2,118
57|Bulgaria|441,295|+384|18,475|+8|401,642|+46|21,178|202|64,061|2,682|4,014,833|582,813|6,888,716|Europe|16|373|2|56|1|3,074
58|Costa Rica|440,647||5,312||354,010||81,325|420|85,611|1,032|1,968,955|382,536|5,147,106|North America|12|969|3|||15,800
59|Guatemala|439,253|+1,334|11,500|+50|377,554|+2,063|50,199|5|24,013|629|2,093,500|114,447|18,292,377|North America|42|1,591|9|73|3|2,744
60|Kuwait|408,245|+167|2,404|+1|401,317|+571|4,524|153|94,013|554|3,675,455|846,404|4,342,436|Asia|11|1,806|1|38|0.2|1,042
61|Slovakia|394,082|+105|12,547||380,493|+33|1,042|11|72,141|2,297|3,276,924|599,877|5,462,659|Europe|14|435|2|19||191
62|Azerbaijan|391,506|+3,069|5,308|+29|345,783|+1,180|40,415||38,221|518|4,319,841|421,724|10,243,281|Asia|26|1,930|2|300|3|3,946
63|Sri Lanka|390,000|+4,304|7,366|+183|323,390||59,244||18,126|342|4,575,585|212,664|21,515,607|Asia|55|2,921|5|200|9|2,754
64|Uruguay|384,094|+68|6,016||376,711|+107|1,367|18|110,136|1,725|3,270,618|937,823|3,487,456|South America|9|580|1|19||392
65|Myanmar|373,685|+2,173|14,374|+138|298,875|+3,537|60,436||6,816|262|3,426,209|62,493|54,825,469|Asia|147|3,814|16|40|3|1,102
66|Croatia|369,765|+373|8,301|+3|358,769|+339|2,695|35|90,710|2,036|2,466,573|605,092|4,076,363|Europe|11|491|2|92|0.7|661
67|Vietnam|348,059|+11,214|8,277|+737|147,667|+7,580|192,115||3,539|84|15,271,562|155,299|98,336,244|Asia|283|11,881|6|114|7|1,954
68|Dominican Republic|347,835|+198|3,989||338,997|+490|4,849|133|31,703|364|1,928,791|175,795|10,971,805|North America|32|2,751|6|18||442
69|Denmark|337,466|+720|2,566|+2|321,556|+831|13,344|20|58,029|441|79,692,682|13,703,593|5,815,459|Europe|17|2,266|0|124|0.3|2,295
70|Ireland|337,117|+1,688|5,074||285,451|+1,386|46,592|59|67,415|1,015|6,415,912|1,283,031|5,000,591|Europe|15|986|1|338||9,317
71|Honduras|326,830||8,594||105,153||213,083|552|32,411|852|945,963|93,810|10,083,814|North America|31|1,173|11|||21,131
72|Palestine|326,310|+906|3,637|+5|314,452|+204|8,221|31|62,319|695|2,074,147|396,123|5,236,114|Asia|16|1,440|3|173|1.0|1,570
73|Venezuela|325,716|+1,074|3,895|+9|311,746|+1,086|10,075|681|11,492|137|3,359,014|118,509|28,343,992|South America|87|7,277|8|38|0.3|355
74|Oman|301,299|+105|4,031|+5|290,144|+694|7,124|89|57,346|767|1,550,000|295,009|5,254,075|Asia|17|1,303|3|20|1.0|1,356
75|Ethiopia|295,804|+785|4,561|+8|269,132|+880|22,111|484|2,503|39|3,164,055|26,769|118,197,055|Africa|400|25,915|37|7|0.07|187
76|libya|295,254|+1,722|4,051|+34|213,200|+959|78,003||42,314|581|1,468,653|210,480|6,977,636|Africa|24|1,722|5|247|5|11,179
77|Lithuania|293,772|+412|4,488|+6|276,035|+84|13,249|93|109,662|1,675|4,315,168|1,610,810|2,678,881|Europe|9|597|1|154|2|4,946
78|Egypt|286,352|+184|16,671|+8|235,864|+229|33,817|90|2,739|159|3,068,679|29,357|104,528,784|Africa|365|6,270|34|2|0.08|324
79|Bahrain|271,631|+97|1,386||269,260|+133|985|6|153,586|784|5,781,405|3,268,935|1,768,590|Asia|7|1,276|0|55||557
80|Moldova|264,432|+149|6,363|+7|255,279|+191|2,790|42|65,726|1,582|1,528,763|379,981|4,023,264|Europe|15|632|3|37|2|693
81|Slovenia|263,548|+245|4,440|+2|255,680|+65|3,428|17|126,751|2,135|1,426,873|686,239|2,079,264|Europe|8|468|1|118|1.0|1,649
82|Armenia|237,634|+385|4,752|+15|224,254|+235|8,628||80,023|1,600|1,483,890|499,700|2,969,559|Asia|12|625|2|130|5|2,905
83|S. Korea|236,366|+1,627|2,215|+13|206,276|+1,758|27,875|395|4,606|43|12,664,343|246,774|51,319,513|Asia|217|23,169|4|32|0.3|543
84|Qatar|230,837|+205|601||227,445|+248|2,791|20|82,213|214|2,453,234|873,720|2,807,805|Asia|12|4,672|1|73||994
85|Kenya|229,009|+646|4,497|+30|212,036|+255|12,476|149|4,155|82|2,312,027|41,948|55,116,988|Africa|241|12,256|24|12|0.5|226
86|Bosnia and Herzegovina|209,073||9,722||192,218||7,133||64,182|2,984|1,113,991|341,975|3,257,520|Europe|16|335|3|||2,190
87|Zambia|204,549|+212|3,574|+1|198,559|+188|2,416|170|10,784|188|2,222,483|117,169|18,968,160|Africa|93|5,307|9|11|0.05|127
88|Mongolia|193,684|+1,780|898|+2|182,885||9,901|192|58,018|269|3,647,780|1,092,691|3,338,345|Asia|17|3,718|1|533|0.6|2,966
89|Algeria|191,583|+412|5,004|+20|129,950|+395|56,629|37|4,281|112|230,861|5,159|44,751,444|Africa|234|8,943|194|9|0.4|1,265
90|Nigeria|187,023|+388|2,268|+8|168,455|+135|16,300|11|882|11|2,648,684|12,497|211,940,963|Africa|1,133|93,448|80|2|0.04|77
91|Kyrgyzstan|173,920|+244|2,484|+6|166,308|+448|5,128|131|26,167|374|1,628,196|244,966|6,646,631|Asia|38|2,676|4|37|0.9|772
92|North Macedonia|168,872|+881|5,668|+14|152,098|+141|11,106||81,061|2,721|1,108,429|532,061|2,083,276|Europe|12|368|2|423|7|5,331
93|Afghanistan|152,583|+72|7,076|+6|108,262|+335|37,245|1,124|3,822|177|748,284|18,743|39,924,312|Asia|262|5,642|53|2|0.2|933
94|Uzbekistan|149,058|+855|1,021|+6|141,745|+804|6,292|23|4,381|30|1,377,915|40,502|34,021,169|Asia|228|33,321|25|25|0.2|185
95|Norway|148,608|+271|811||88,952||58,845|6|27,170|148|6,950,992|1,270,855|5,469,540|Europe|37|6,744|1|50||10,759
96|Botswana|146,461||2,081||134,260||10,120|1|60,883|865|1,599,459|664,891|2,405,595|Africa|16|1,156|2|||4,207
97|Mozambique|142,784|+261|1,800|+15|126,041|+1,360|14,943|32|4,428|56|827,241|25,652|32,249,049|Africa|226|17,916|39|8|0.5|463
98|Latvia|141,045|+101|2,569|+1|136,788||1,688|10|75,734|1,379|3,307,899|1,776,172|1,862,375|Europe|13|725|1|54|0.5|906
99|Albania|139,324|+534|2,478|+1|131,273|+89|5,573|3|48,474|862|1,003,079|348,993|2,874,212|Europe|21|1,160|3|186|0.3|1,939
100|Estonia|138,807|+101|1,281||131,553|+26|5,973|13|104,559|965|1,713,046|1,290,379|1,327,553|Europe|10|1,036|1|76||4,499
101|Namibia|123,581|+98|3,342|+9|118,085|+743|2,154|41|47,655|1,289|646,571|249,330|2,593,229|Africa|21|776|4|38|3|831
102|Zimbabwe|122,652|+165|4,249|+13|106,810|+444|11,593|12|8,118|281|1,225,474|81,108|15,109,127|Africa|123|3,556|12|11|0.9|767
103|Finland|122,046|+503|1,008||46,000||75,038|29|21,988|182|6,326,177|1,139,741|5,550,537|Europe|45|5,506|1|91||13,519
104|Ghana|114,584|+627|968|+7|106,969|+398|6,647|53|3,602|30|1,544,519|48,554|31,810,044|Africa|278|32,862|21|20|0.2|209
105|Cyprus|111,333|+193|483|+6|90,755||20,095|92|91,453|397|9,366,973|7,694,409|1,217,374|Asia|11|2,520|0|159|5|16,507
106|Montenegro|109,962|+622|1,671|+5|102,065|+278|6,226|11|175,055|2,660|587,257|934,889|628,157|Europe|6|376|1|990|8|9,912
107|Uganda|97,453||2,931||95,217||-695|527|2,057|62|1,536,425|32,428|47,378,859|Africa|486|16,165|31|||-14.67
108|El Salvador|92,686||2,840|+9|79,029||10,817|152|14,208|435|1,192,402|182,785|6,523,511|North America|70|2,297|5||1|1,658
109|Cambodia|89,231|+496|1,792|+14|85,081|+575|2,358||5,254|106|2,048,560|120,629|16,982,297|Asia|190|9,477|8|29|0.8|139
110|Rwanda|83,023|+393|1,021|+11|45,222|+11|36,780|42|6,234|77|2,313,938|173,761|13,316,785|Africa|160|13,043|6|30|0.8|2,762
111|Cameroon|82,454||1,338||80,433||683|152|3,021|49|1,751,774|64,177|27,296,155|Africa|331|20,401|16|||25
112|Maldives|79,959|+95|223|+1|78,076|+123|1,660|18|145,019|404|1,296,918|2,352,169|551,371|Asia|7|2,473|0|172|2|3,011
113|Luxembourg|74,985||830||73,467||688|3|117,612|1,302|3,375,755|5,294,779|637,563|Europe|9|768|0|||1,079
114|Senegal|71,927|+155|1,671|+12|57,394|+527|12,862|50|4,171|97|718,325|41,655|17,244,776|Africa|240|10,320|24|9|0.7|746
115|Singapore|66,478|+35|49|+2|65,601|+73|828|7|11,262|8|16,926,698|2,867,588|5,902,765|Asia|89|120,465|0|6|0.3|140
116|Jamaica|61,833|+551|1,388|+17|47,721|+46|12,724|56|20,778|466|531,130|178,477|2,975,902|North America|48|2,144|6|185|6|4,276
117|Malawi|59,471|+72|2,074|+15|45,552|+156|11,845|285|3,020|105|376,943|19,143|19,691,119|Africa|331|9,494|52|4|0.8|602
118|DRC|54,009|+88|1,053||30,858||22,098||583|11|306,299|3,306|92,649,394|Africa|1,715|87,986|302|0.9||239
119|Ivory Coast|53,645|+189|395|+6|52,405|+199|845||1,978|15|864,834|31,889|27,119,973|Africa|506|68,658|31|7|0.2|31
120|Réunion|46,754||310||42,770||3,674|33|51,800|343|173,764|192,516|902,593|Africa|19|2,912|5|||4,070
121|Angola|45,945|+128|1,153|+13|42,384|+34|2,408|8|1,350|34|830,836|24,418|34,025,564|Africa|741|29,510|41|4|0.4|71
122|Australia|44,028|+909|981|+3|31,593||11,454|90|1,704|38|29,437,845|1,139,379|25,836,752|Australia/Oceania|587|26,337|1|35|0.1|443
123|Fiji|43,597|+303|438|+5|23,809|+1,468|19,350|310|48,235|485|361,007|399,412|903,847|Australia/Oceania|21|2,064|3|335|6|21,408
124|Trinidad and Tobago|43,033|+71|1,225|+6|36,468|+283|5,340|22|30,636|872|296,840|211,326|1,404,655|North America|33|1,147|5|51|4|3,802
125|Madagascar|42,845|+3|954||41,274||617|16|1,503|33|237,216|8,324|28,499,179|Africa|665|29,873|120|0.1||22
126|Eswatini|40,455|+172|1,004|+13|29,710|+402|9,741|10|34,464|855|301,853|257,149|1,173,844|Africa|29|1,169|4|147|11|8,298
127|Guadeloupe|40,018||324||2,250||37,444|23|99,995|810|335,167|837,495|400,202|North America|10|1,235|1|||93,563
128|Sudan|37,640|+13|2,822|+2|31,593|+24|3,225||836|63|238,579|5,300|45,012,130|Africa|1,196|15,950|189|0.3|0.04|72
129|French Polynesia|36,372||257||29,176||6,939|38|128,633|909|26,355|93,207|282,759|Australia/Oceania|8|1,100|11|||24,540
130|Malta|35,774|+53|436||34,275|+50|1,063|3|80,775|984|1,162,291|2,624,369|442,884|Europe|12|1,016|0|120||2,400
131|Cabo Verde|34,738|+52|303|+1|33,806|+44|629|23|61,717|538|205,858|365,733|562,864|Africa|16|1,858|3|92|2|1,117
132|French Guiana|33,060||204||9,995||22,861|23|107,523|663|347,345|1,129,687|307,470|South America|9|1,507|1|||74,352
133|Mauritania|31,822|+180|673|+1|28,167|+284|2,982|16|6,646|141|426,104|88,987|4,788,388|Africa|150|7,115|11|38|0.2|623
134|Martinique|31,369||243||104||31,022|1|83,666|648|292,898|781,201|374,933|North America|12|1,543|1|||82,740
135|Guinea|28,802|+155|314|+6|26,212|+189|2,276|24|2,128|23|529,762|39,134|13,537,073|Africa|470|43,112|26|11|0.4|168
136|Suriname|27,503|+132|699|+2|23,258|+62|3,546|14|46,409|1,180|99,435|167,789|592,620|South America|22|848|6|223|3|5,984
137|Syria|26,901|+102|1,971|+7|22,287|+25|2,643||1,496|110|103,566|5,759|17,983,437|Asia|669|9,124|174|6|0.4|147
138|Gabon|25,667||165||25,437||65|5|11,231|72|1,054,727|461,510|2,285,382|Africa|89|13,851|2|||28
139|Guyana|24,336|+112|594|+3|22,364|+46|1,378|16|30,771|751|254,453|321,734|790,879|South America|32|1,331|3|142|4|1,742
140|Haiti|20,719||583||16,679||3,457||1,792|50|105,799|9,152|11,560,776|North America|558|19,830|109|||299
141|Mayotte|19,664||175||2,964||16,525|1|70,156|624|176,919|631,200|280,290|Africa|14|1,602|2|||58,957
142|Togo|19,614|+123|172||16,105|+51|3,337||2,308|20|446,467|52,531|8,499,104|Africa|433|49,413|19|14||393
143|Seychelles|19,390||101||18,650||639||195,778|1,020|21,504|217,122|99,041|Africa|5|981|5|||6,452
144|Papua New Guinea|17,832||192||17,547||93|7|1,951|21|150,870|16,507|9,139,706|Australia/Oceania|513|47,603|61|||10
145|Bahamas|16,962||330||13,539||3,093|16|42,669|830|128,688|323,724|397,524|North America|23|1,205|3|||7,781
146|Somalia|16,787|+252|918|+21|8,077|+67|7,792||1,024|56|190,581|11,623|16,396,364|Africa|977|17,861|86|15|1|475
147|Tajikistan|16,423||124||16,174||125||1,679|13|||9,781,011|Asia|596|78,879||||13
148|Taiwan|15,926|+10|828||14,847||251||667|35|4,650,570|194,862|23,865,938|Asia|1,499|28,824|5|0.4||11
149|Belize|15,415||351||14,149||915|6|37,983|865|206,689|509,292|405,836|North America|26|1,156|2|||2,255
150|Andorra|14,988||129||14,729||130|7|193,628|1,667|193,595|2,501,034|77,406|Europe|5|600|0|||1,679
151|Curaçao|14,937|+49|137|+1|14,240|+114|560|4|90,605|831|222,464|1,349,428|164,858|North America|11|1,203|1|297|6|3,397
152|Mali|14,757|+8|536||14,053|+3|168||706|26|371,233|17,752|20,912,567|Africa|1,417|39,016|56|0.4||8
153|Lesotho|14,371||400||6,763||7,208||6,648|185|146,215|67,642|2,161,598|Africa|150|5,404|15|||3,335
154|Timor-Leste|14,216|+235|48|+2|10,904|+57|3,264||10,554|36|169,501|125,837|1,346,993|Asia|95|28,062|8|174|1|2,423
155|Aruba|14,003|+55|126||13,130|+101|747|14|130,524|1,174|177,885|1,658,091|107,283|North America|8|851|1|513||6,963
156|Burkina Faso|13,713|+14|171||13,461|+14|81||636|8|209,088|9,701|21,553,744|Africa|1,572|126,045|103|0.6||4
157|Congo|13,398||179||12,421||798||2,362|32|188,207|33,180|5,672,315|Africa|423|31,689|30|||141
158|Laos|12,469|+305|11||4,604||7,854||1,686|1|358,190|48,432|7,395,697|Asia|593|672,336|21|41||1,062
159|Hong Kong|12,058|+5|212||11,766|+4|80||1,594|28|22,744,169|3,005,992|7,566,277|Asia|627|35,690|0|0.7||11
160|Djibouti|11,696|+6|157||11,527|+5|12||11,645|156|202,964|202,085|1,004,349|Africa|86|6,397|5|6||12
161|South Sudan|11,310|+67|120||10,948|+31|242||997|11|209,687|18,486|11,343,144|Africa|1,003|94,526|54|6||21
162|CAR|11,251||99||6,859||4,293|2|2,284|20|60,228|12,228|4,925,267|Africa|438|49,750|82|||872
163|Burundi|10,791||38||773||9,980||878|3|345,742|28,126|12,292,472|Africa|1,139|323,486|36|||812
164|Nicaragua|10,672||198||4,225||6,249||1,589|29|||6,714,287|North America|629|33,911||||931
165|Channel Islands|10,204||93||9,618||493||58,080|529|785,170|4,469,116|175,688|Europe|17|1,889|0|||2,806
166|Benin|10,183||119||8,402||1,662|5|816|10|604,310|48,408|12,483,649|Africa|1,226|104,905|21|||133
167|Iceland|10,115|+62|30||9,066|+145|1,019|22|29,424|87|942,225|2,740,883|343,767|Europe|34|11,459|0|180||2,964
168|Gambia|9,439|+75|296|+11|8,865|+102|278|3|3,785|119|101,817|40,830|2,493,705|Africa|264|8,425|24|30|4|111
169|Equatorial Guinea|9,049||123||8,803||123||6,218|85|187,519|128,858|1,455,232|Africa|161|11,831|8|||85
170|Yemen|7,509|+22|1,418|+2|4,644|+22|1,447|23|246|46|217,824|7,125|30,572,294|Asia|4,071|21,560|140|0.7|0.07|47
171|Saint Lucia|7,111|+156|97||5,694|+34|1,320|4|38,524|526|65,420|354,419|184,584|North America|26|1,903|3|845||7,151
172|Mauritius|7,070||22||1,854||5,194||5,549|17|358,675|281,496|1,274,175|Africa|180|57,917|4|||4,076
173|Eritrea|6,623|+3|37||6,565|+5|21||1,839|10|23,693|6,577|3,602,282|Africa|544|97,359|152|0.8||6
174|Sierra Leone|6,355|+8|121||4,342|+7|1,892||779|15|160,729|19,694|8,161,354|Africa|1,284|67,449|51|1.0||232
175|Isle of Man|6,312|+38|37||5,765||510|1|73,785|433|83,753|979,041|85,546|Europe|14|2,312|1|444||5,962
176|Niger|5,770|+3|196||5,490|+5|84||229|8|139,342|5,530|25,199,159|Africa|4,367|128,567|181|0.1||3
177|Guinea-Bissau|5,518|+22|103|+4|4,592|+35|823|4|2,731|51|89,236|44,158|2,020,829|Africa|366|19,620|23|11|2|407
178|liberia|5,459||148||2,715||2,596|2|1,051|29|128,246|24,697|5,192,697|Africa|951|35,086|40|||500
179|Gibraltar|5,287|+6|96||5,074|+36|117|6|156,977|2,850|330,131|9,801,989|33,680|Europe|6|351|0|178||3,474
180|San Marino|5,231||90||5,077||64|1|153,799|2,646|73,543|2,162,266|34,012|Europe|7|378|0|||1,882
181|Chad|4,985||174||4,805||6||294|10|136,887|8,071|16,960,608|Africa|3,402|97,475|124|||0.4
182|Barbados|4,640||48||4,454||138||16,124|167|247,193|858,977|287,776|North America|62|5,995|1|||480
183|Comoros|4,050|+2|147||3,888||15||4,547|165|||890,650|Africa|220|6,059||2||17
184|Sint Maarten|3,394||42||3,037||315|2|78,149|967|37,841|871,310|43,430|North America|13|1,034|1|||7,253
185|Liechtenstein|3,223|+4|59||3,076||88|3|84,255|1,542|49,126|1,284,239|38,253|Europe|12|648|1|105||2,300
186|Monaco|3,133|+4|33||3,000|+10|100|6|79,198|834|54,960|1,389,317|39,559|Europe|13|1,199|1|101||2,528
187|Saint Martin|3,094||41||1,399||1,654|7|78,496|1,040|52,859|1,341,054|39,416|North America|13|961|1|||41,963
188|New Zealand|3,016|+24|26||2,874|+1|116|5|603|5|2,692,087|538,191|5,002,100|Australia/Oceania|1,659|192,388|2|5||23
189|Bermuda|2,750||33||2,593||124|1|44,344|532|436,268|7,034,879|62,015|North America|23|1,879|0|||2,000
190|Turks and Caicos|2,612|+5|20|+1|2,503||89|1|66,441|509|94,789|2,411,136|39,313|North America|15|1,966|0|127|25|2,264
191|Bhutan|2,585||3||2,553||29||3,309|4|798,573|1,022,130|781,283|Asia|302|260,428|1|||37
192|British Virgin Islands|2,568||37||2,500||31|7|84,307|1,215|77,252|2,536,179|30,460|North America|12|823|0|||1,018
193|Sao Tome and Principe|2,524||37||2,403||84||11,279|165|14,689|65,639|223,786|Africa|89|6,048|15|||375
194|St. Vincent Grenadines|2,320||12||2,261||47|2|20,837|108|64,768|581,703|111,342|North America|48|9,279|2|||422
195|Caribbean Netherlands|1,774|+6|17||1,721||36||66,941|641|20,707|781,367|26,501|North America|15|1,559|1|226||1,358
196|Brunei|1,769|+314|3||419|+64|1,347||4,000|7|201,057|454,623|442,250|Asia|250|147,417|2|710||3,046
197|Antigua and Barbuda|1,490||43||1,299||148|9|15,073|435|17,409|176,110|98,853|North America|66|2,299|6|||1,497
198|St. Barth|1,489||2||462||1,025||150,237|202|38,369|3,871,355|9,911|North America|7|4,956|0|||103,420
199|Tanzania|1,367||50||183||1,134|7|22|0.8|||61,664,623|Africa|45,109|1,233,292||||18
200|Dominica|1,339|+16|1||794|+245|544||18,548|14|41,298|572,074|72,190|North America|54|72,190|2|222||7,536
201|Faeroe Islands|995||2||988||5||20,275|41|396,000|8,069,282|49,075|Europe|49|24,538|0|||102
202|Saint Kitts and Nevis|823|+31|3||604|+8|216|1|15,346|56|28,471|530,898|53,628|North America|65|17,876|2|578||4,028
203|Diamond Princess|712||13||699||0|||||||||||||
204|Cayman Islands|663||2||649||12||9,955|30|124,033|1,862,329|66,601|North America|100|33,301|1|||180
205|Wallis and Futuna|445||7||438||0||40,403|636|20,508|1,861,994|11,014|Australia/Oceania|25|1,573|1|||
206|Greenland|298||||212||86|2|5,239||54,121|951,461|56,882|North America|191||1|||1,512
207|Grenada|222|+10|1||182||39||1,963|9|54,402|480,936|113,117|North America|510|113,117|2|88||345
208|Anguilla|166||||135||31||10,953||37,111|2,448,601|15,156|North America|91||0|||2,045
209|New Caledonia|135||||58||77||468||41,120|142,469|288,624|Australia/Oceania|2,138||7|||267
210|Falkland Islands|66||||63||3||18,359||7,409|2,060,918|3,595|South America|54||0|||834
211|Macao|63||||59||4||96||4,739|7,187|659,409|Asia|10,467||139|||6
212|Saint Pierre Miquelon|30||||30||0||5,207||7,800|1,353,697|5,762|North America|192||1|||
213|Vatican City|27||||27||0||33,624||||803|Europe|30|||||
214|Montserrat|25||1||20||4||5,005|200|1,408|281,882|4,995|North America|200|4,995|4|||801
215|Solomon Islands|20||||20||0||28||4,500|6,374|706,011|Australia/Oceania|35,301||157|||
216|Western Sahara|10||1||8||1||16|2|||614,016|Africa|61,402|614,016||||2
217|MS Zaandam|9||2||7||0|||||||||||||
218|Vanuatu|4||1||3||0||13|3|23,000|72,947|315,297|Australia/Oceania|78,824|315,297|14|||
219|Marshall Islands|4||||4||0||67||||59,645|Australia/Oceania|14,911|||||
220|Samoa|3||||3||0||15||||199,916|Australia/Oceania|66,639|||||
221|Saint Helena|2||||2||0||328||||6,098|Africa|3,049|||||
222|Micronesia|1||||1||0||9||||116,396|Australia/Oceania|116,396|||||
|Asia|67,576,185|+242,268|993,127|+4,408|62,853,041|+239,880|3,730,017|41,645||||||Asia||||||
|North America|46,155,023|+125,691|972,670|+1,530|36,803,129|+56,073|8,379,224|30,381||||||North America||||||
|South America|36,580,666|+41,586|1,120,202|+987|34,309,233|+34,284|1,151,231|24,055||||||South America||||||
|Europe|54,098,402|+117,439|1,158,729|+1,221|49,014,034|+103,121|3,925,639|10,112||||||Europe||||||
|Africa|7,548,334|+31,868|189,003|+621|6,650,175|+40,974|709,156|4,934||||||Africa||||||
|Oceania|144,221|+1,113|1,894|+4|104,382|+841|37,945|450||||||Australia/Oceania||||||
|World|212,103,552|+559,965|4,435,640|+8,771|189,734,700|+475,173|17,933,212|111,577|27,211|569.1||||All||||||
1|China|94,599|+20|4,636||88,177|+51|1,786|33|66|3|160,000,000|111,163|1,439,323,776|Asia|15,215|310,467|9|0.01||1
2|USA|38,514,334|+83,960|644,860|+522|30,463,056|+23,817|7,406,418|23,274|115,584|1,935|565,682,911|1,697,652|333,214,890|North America|9|517|1|252|2|22,227
3|India|32,423,549|+31,043|434,399|+401|31,629,000|+38,614|360,150|8,944|23,235|311|504,576,158|361,585|1,395,457,353|Asia|43|3,212|3|22|0.3|258
4|Brazil|20,556,487|+28,388|574,243|+585|19,431,197|+17,645|551,047|8,318|95,932|2,680|56,580,445|264,048|214,281,173|South America|10|373|4|132|3|2,572
5|Russia|6,726,523|+21,000|175,282|+797|6,004,052|+20,647|547,189|2,300|46,070|1,201|174,600,000|1,195,843|146,005,843|Europe|22|833|1|144|5|3,748
6|France|6,602,311|+22,636|113,267|+81|6,033,433|+19,517|455,611|1,807|100,894|1,731|111,773,788|1,708,081|65,438,227|Europe|10|578|1|346|1|6,962
7|UK|6,460,653|+31,965|131,591|+104|5,020,635|+33,790|1,308,427|928|94,603|1,927|260,932,495|3,820,808|68,292,493|Europe|11|519|0|468|2|19,159
8|Turkey|6,197,041|+19,351|54,327|+232|5,695,286|+13,163|447,428|633|72,588|636|73,550,250|861,521|85,372,527|Asia|14|1,571|1|227|3|5,241
9|Argentina|5,130,852|+5,889|110,217|+147|4,804,869|+8,821|215,766|3,328|112,351|2,413|21,278,831|465,944|45,668,187|South America|9|414|2|129|3|4,725
10|Colombia|4,886,897|+2,965|124,121|+98|4,715,218|+4,266|47,558|8,155|94,890|2,410|23,701,448|460,218|51,500,501|South America|11|415|2|58|2|923
11|Spain|4,770,453||83,136||4,078,846||608,471|1,818|101,986|1,777|59,650,532|1,275,253|46,775,436|Europe|10|563|1|||13,008
12|Iran|4,640,695|+24,179|101,354|+544|3,902,808|+34,612|636,533|7,626|54,458|1,189|27,666,082|324,656|85,216,720|Asia|18|841|3|284|6|7,470
13|Italy|4,478,690|+7,469|128,728|+45|4,216,542|+5,462|133,420|466|74,199|2,133|81,827,825|1,355,655|60,360,383|Europe|13|469|1|124|0.7|2,210
14|Indonesia|3,967,048|+16,744|125,342|+1,361|3,522,048|+23,011|319,658||14,331|453|30,434,423|109,944|276,817,411|Asia|70|2,208|9|60|5|1,155
15|Germany|3,870,076|+6,625|92,473|+8|3,696,300|+2,900|81,303|681|46,023|1,100|68,329,706|812,584|84,089,414|Europe|22|909|1|79|0.10|967
16|Mexico|3,197,108|+21,897|252,080|+761|2,521,097|+17,264|423,931|4,798|24,504|1,932|9,349,369|71,656|130,475,416|North America|41|518|14|168|6|3,249
17|Poland|2,886,513|+222|75,316|+1|2,656,018|+127|155,179|40|76,364|1,993|19,419,496|513,753|37,799,317|Europe|13|502|2|6|0.03|4,105
18|South Africa|2,680,225|+13,261|79,251|+268|2,438,182|+19,194|162,792|546|44,552|1,317|15,951,284|265,148|60,159,918|Africa|22|759|4|220|4|2,706
19|Ukraine|2,273,558|+1,732|53,432|+38|2,200,763|+763|19,363|177|52,345|1,230|11,800,769|271,696|43,433,788|Europe|19|813|4|40|0.9|446
20|Peru|2,141,235|+1,173|197,818|+66|N/A|N/A|N/A|1,483|63,928|5,906|16,383,337|489,134|33,494,569|South America|16|169|2|35|2|6,650
21|Netherlands|1,916,316|+2,408|17,947|+8|1,809,334|+6,227|89,035|207|111,556|1,045|16,378,211|953,435|17,178,109|Europe|9|957|1|140|0.5|5,183
22|Philippines|1,823,591|+16,234|31,595|+397|1,667,973|+15,258|124,023|2,936|16,393|284|18,030,342|162,083|111,241,145|Asia|61|3,521|6|146|4|1,115
23|Iraq|1,819,455|+3,958|20,110|+85|1,649,521|+7,651|149,824|1,056|44,110|488|13,966,576|338,601|41,247,882|Asia|23|2,051|3|96|2|3,632
24|Czechia|1,677,379|+171|30,385|+1|1,645,500|+24|1,494|13|156,302|2,831|35,119,551|3,272,524|10,731,639|Europe|6|353|0|16|0.09|139
25|Chile|1,633,153|+712|36,605|+39|1,589,484|+948|7,064|866|84,606|1,896|19,784,294|1,024,926|19,303,137|South America|12|527|1|37|2|366
26|Malaysia|1,535,286|+22,262|13,936|+223|1,260,470|+18,576|260,880|1,035|46,753|424|21,285,347|648,192|32,838,042|Asia|21|2,356|2|678|7|7,944
27|Canada|1,467,308|+1,442|26,790|+1|1,416,730|+911|23,788|274|38,493|703|39,731,231|1,042,291|38,119,126|North America|26|1,423|1|38|0.03|624
28|Bangladesh|1,457,194|+3,991|25,143|+120|1,355,421|+7,666|76,630|1,671|8,749|151|8,617,828|51,741|166,558,093|Asia|114|6,624|19|24|0.7|460
29|Japan|1,251,947|+25,529|15,563|+29|1,037,505|+13,181|198,879|1,888|9,933|123|20,489,512|162,571|126,034,587|Asia|101|8,098|6|203|0.2|1,578
30|Belgium|1,163,726|+2,168|25,320|+8|1,083,370||55,036|178|99,915|2,174|18,240,201|1,566,069|11,647,125|Europe|10|460|1|186|0.7|4,725
31|Pakistan|1,119,970|+3,084|24,848|+65|1,006,078|+3,648|89,044|5,151|4,961|110|17,169,042|76,047|225,768,142|Asia|202|9,086|13|14|0.3|394
32|Sweden|1,116,584||14,629||1,081,738||20,217|30|109,781|1,438|11,536,406|1,134,241|10,171,034|Europe|9|695|1|||1,988
33|Romania|1,090,408|+591|34,403|+15|1,051,800|+296|4,205|182|57,116|1,802|11,162,060|584,672|19,091,162|Europe|18|555|2|31|0.8|220
34|Thailand|1,030,281|+20,571|9,087|+261|818,964|+23,159|202,230|5,615|14,718|130|8,129,670|116,139|69,999,708|Asia|68|7,703|9|294|4|2,889
35|Portugal|1,017,308|+2,676|17,630|+8|955,090|+2,996|44,588|145|100,101|1,735|16,496,290|1,623,207|10,162,779|Europe|10|576|1|263|0.8|4,387
36|Israel|986,543|+8,331|6,775|+16|911,013|+3,159|68,755|645|105,784|726|18,280,309|1,960,145|9,326,000|Asia|9|1,377|1|893|2|7,372
37|Hungary|810,781||30,046||769,777||10,958|11|84,173|3,119|6,467,683|671,454|9,632,358|Europe|12|321|1|||1,138
38|Morocco|806,288|+6,513|11,677|+90|716,904|+9,761|77,707|1,442|21,554|312|8,611,980|230,214|37,408,659|Africa|46|3,204|4|174|2|2,077
39|Jordan|788,516|+428|10,285|+12|765,893|+384|12,338|661|76,418|997|8,969,545|869,268|10,318,498|Asia|13|1,003|1|41|1|1,196
40|Switzerland|752,761||10,941|+3|700,097||41,723|146|86,259|1,254|9,481,152|1,086,448|8,726,741|Europe|12|798|1||0.3|4,781
41|Nepal|745,731|+1,424|10,485|+30|695,925|+2,382|39,321||25,081|353|3,821,248|128,520|29,732,721|Asia|40|2,836|8|48|1|1,322
42|Serbia|741,071|+1,510|7,206|+11|715,412|+379|18,453|30|85,208|829|4,895,234|562,852|8,697,200|Europe|12|1,207|2|174|1|2,122
43|Kazakhstan|730,181|+7,117|8,209|+103|604,801|+6,951|117,171|221|38,365|431|11,575,012|608,174|19,032,410|Asia|26|2,318|2|374|5|6,156
44|UAE|708,302|+1,066|2,018|+4|689,277|+1,633|17,007||70,643|201|71,600,288|7,141,143|10,026,447|Asia|14|4,969|0|106|0.4|1,696
45|Austria|675,405|+1,328|10,761||652,896|+716|11,748|70|74,507|1,187|73,502,548|8,108,417|9,064,969|Europe|13|842|0|146||1,296
46|Tunisia|638,072|+2,617|22,457|+63|589,957|+2,177|25,658|630|53,353|1,878|2,457,693|205,502|11,959,453|Africa|19|533|5|219|5|2,145
47|Lebanon|590,983|+1,386|8,008|+4|544,863|+539|38,112|54|87,030|1,179|4,759,054|700,834|6,790,555|Asia|11|848|1|204|0.6|5,613
48|Cuba|573,751|+9,740|4,481|+84|522,230|+9,122|47,040|515|50,690|396|7,437,032|657,055|11,318,729|North America|20|2,526|2|861|7|4,156
49|Greece|557,239|+3,184|13,318|+23|503,923|+2,996|39,998|317|53,762|1,285|14,667,782|1,415,135|10,364,936|Europe|19|778|1|307|2|3,859
50|Saudi Arabia|541,610|+409|8,469|+11|527,899|+710|5,242|1,162|15,286|239|26,845,987|757,704|35,430,697|Asia|65|4,184|1|12|0.3|148
51|Georgia|510,941|+4,901|6,723|+74|442,956|+2,586|61,262||128,363|1,689|7,658,323|1,923,994|3,980,429|Asia|8|592|1|1,231|19|15,391
52|Ecuador|495,115||31,985||443,880||19,250|759|27,586|1,782|1,719,064|95,781|17,947,873|South America|36|561|10|||1,073
53|Bolivia|485,926|+742|18,269|+13|426,155|+983|41,502|220|40,992|1,541|2,216,675|186,994|11,854,244|South America|24|649|5|63|1|3,501
54|Belarus|468,415|+1,467|3,670|+11|462,244|+1,431|2,501||49,590|389|7,641,817|809,019|9,445,777|Europe|20|2,574|1|155|1|265
55|Paraguay|457,612|+140|15,550|+22|434,929|+299|7,133|179|63,274|2,150|1,749,155|241,854|7,232,280|South America|16|465|4|19|3|986
56|Panama|451,984|+691|7,003|+5|435,603|+847|9,378|108|102,910|1,594|3,579,157|814,919|4,392,039|North America|10|627|1|157|1|2,135
57|Bulgaria|440,911|+845|18,467|+8|401,596|+140|20,848|197|64,005|2,681|4,008,332|581,869|6,888,716|Europe|16|373|2|123|1|3,026
58|Costa Rica|440,647||5,312||354,010||81,325|420|85,611|1,032|1,968,955|382,536|5,147,106|North America|12|969|3|||15,800
59|Guatemala|437,919|+4,580|11,450|+78|375,491|+2,563|50,978|5|23,940|626|2,088,641|114,181|18,292,377|North America|42|1,598|9|250|4|2,787
60|Kuwait|408,078|+200|2,403|+2|400,746|+598|4,929|158|93,974|553|3,665,577|844,129|4,342,436|Asia|11|1,807|1|46|0.5|1,135
61|Slovakia|393,977|+94|12,547||380,460|+44|970|11|72,122|2,297|3,272,082|598,991|5,462,659|Europe|14|435|2|17||178
62|Azerbaijan|388,437|+3,551|5,279|+27|344,603|+1,196|38,555||37,921|515|4,304,865|420,262|10,243,281|Asia|26|1,940|2|347|3|3,764
63|Sri Lanka|385,696|+3,884|7,183|+198|323,390|+2,580|55,123||17,926|334|4,575,585|212,664|21,515,607|Asia|56|2,995|5|181|9|2,562
64|Uruguay|384,026|+123|6,016|+1|376,604|+116|1,406|16|110,116|1,725|3,263,771|935,860|3,487,456|South America|9|580|1|35|0.3|403
65|Myanmar|371,512|+2,744|14,236|+140|295,338|+4,515|61,938||6,776|260|3,417,218|62,329|54,825,469|Asia|148|3,851|16|50|3|1,130
66|Croatia|369,392|+505|8,298|+3|358,430|+347|2,664|34|90,618|2,036|2,457,176|602,786|4,076,363|Europe|11|491|2|124|0.7|654
67|Dominican Republic|347,637|+267|3,989||338,507|+361|5,141|116|31,685|364|1,925,367|175,483|10,971,805|North America|32|2,751|6|24||469
68|Vietnam|336,845|+11,459|7,540||140,087|+7,272|189,218||3,425|77|15,271,562|155,299|98,336,244|Asia|292|13,042|6|117||1,924
69|Denmark|336,746|+1,024|2,564|+1|320,725|+914|13,457|15|57,905|441|79,552,584|13,679,502|5,815,459|Europe|17|2,268|0|176|0.2|2,314
70|Ireland|335,429|+2,125|5,074||284,065|+1,188|46,290|54|67,078|1,015|6,415,912|1,283,031|5,000,591|Europe|15|986|1|425||9,257
71|Honduras|326,830|+1,600|8,594|+50|105,153|+282|213,083|552|32,411|852|945,963|93,810|10,083,814|North America|31|1,173|11|159|5|21,131
72|Palestine|325,404|+862|3,632|+3|314,248|+144|7,524|31|62,146|694|2,074,147|396,123|5,236,114|Asia|16|1,442|3|165|0.6|1,437
73|Venezuela|324,642|+1,116|3,886|+15|310,660|+1,030|10,096|681|11,454|137|3,359,014|118,509|28,343,992|South America|87|7,294|8|39|0.5|356
74|Oman|301,194|+122|4,026|+5|289,450||7,718|86|57,326|766|1,550,000|295,009|5,254,075|Asia|17|1,305|3|23|1.0|1,469
75|Ethiopia|295,019|+1,282|4,553|+14|268,252|+845|22,214|478|2,496|39|3,157,947|26,718|118,197,055|Africa|401|25,960|37|11|0.1|188
76|libya|293,532||4,017||212,241||77,274||42,068|576|1,461,393|209,440|6,977,636|Africa|24|1,737|5|||11,075
77|Lithuania|293,360|+598|4,482|+9|275,951|+827|12,927|86|109,508|1,673|4,306,644|1,607,628|2,678,881|Europe|9|598|1|223|3|4,826
78|Egypt|286,168|+173|16,663|+9|235,635|+211|33,870|90|2,738|159|3,068,679|29,357|104,528,784|Africa|365|6,273|34|2|0.09|324
79|Bahrain|271,534|+102|1,386|+1|269,127|+165|1,021|4|153,531|784|5,763,404|3,258,756|1,768,590|Asia|7|1,276|0|58|0.6|577
80|Moldova|264,283|+376|6,356|+10|255,088|+227|2,839|31|65,689|1,580|1,525,976|379,288|4,023,264|Europe|15|633|3|93|2|706
81|Slovenia|263,303|+388|4,438||255,615|+133|3,250|15|126,633|2,134|1,425,474|685,567|2,079,264|Europe|8|469|1|187||1,563
82|Armenia|237,249|+507|4,737|+5|224,019|+283|8,493||79,894|1,595|1,476,957|497,366|2,969,559|Asia|13|627|2|171|2|2,860
83|S. Korea|234,739|+1,880|2,202|+5|204,518|+1,743|28,019|403|4,574|43|12,632,601|246,156|51,319,513|Asia|219|23,306|4|37|0.10|546
84|Qatar|230,632|+190|601||227,197|+201|2,834|22|82,140|214|2,449,043|872,227|2,807,805|Asia|12|4,672|1|68||1,009
85|Kenya|228,363|+1,286|4,467|+32|211,781|+1,942|12,115|157|4,143|81|2,305,988|41,838|55,116,988|Africa|241|12,339|24|23|0.6|220
86|Bosnia and Herzegovina|209,073||9,722||192,218||7,133||64,182|2,984|1,113,991|341,975|3,257,520|Europe|16|335|3|||2,190
87|Zambia|204,337|+359|3,573|+4|198,371|+362|2,393|180|10,773|188|2,216,799|116,869|18,968,160|Africa|93|5,309|9|19|0.2|126
88|Mongolia|191,904|+1,651|896|+4|182,885|+1,723|8,123|192|57,485|268|3,647,780|1,092,691|3,338,345|Asia|17|3,726|1|495|1|2,433
89|Algeria|191,171|+515|4,984|+27|129,555|+486|56,632|32|4,272|111|230,861|5,159|44,751,444|Africa|234|8,979|194|12|0.6|1,265
90|Nigeria|186,635|+1,064|2,260|+13|168,320|+196|16,055|11|881|11|2,648,684|12,497|211,940,963|Africa|1,136|93,779|80|5|0.06|76
91|Kyrgyzstan|173,676|+248|2,478|+5|165,860|+492|5,338|131|26,130|373|1,628,196|244,966|6,646,631|Asia|38|2,682|4|37|0.8|803
92|North Macedonia|167,991|+1,250|5,654|+22|151,957|+265|10,380||80,638|2,714|1,101,838|528,897|2,083,276|Europe|12|368|2|600|11|4,983
93|Afghanistan|152,511|+14|7,070|+5|107,927||37,514|1,124|3,820|177|747,735|18,729|39,924,312|Asia|262|5,647|53|0.4|0.1|940
94|Norway|148,337|+559|811||88,952||58,574|6|27,121|148|6,950,992|1,270,855|5,469,540|Europe|37|6,744|1|102||10,709
95|Uzbekistan|148,203|+881|1,015|+7|140,941|+853|6,247|23|4,356|30|1,377,915|40,502|34,021,169|Asia|230|33,518|25|26|0.2|184
96|Botswana|146,461||2,081||134,260||10,120|1|60,883|865|1,599,459|664,891|2,405,595|Africa|16|1,156|2|||4,207
97|Mozambique|142,523|+510|1,785|+2|124,681|+1,331|16,057|32|4,419|55|825,490|25,597|32,249,049|Africa|226|18,067|39|16|0.06|498
98|Latvia|140,944|+160|2,568||136,788|+63|1,588|11|75,680|1,379|3,300,187|1,772,031|1,862,375|Europe|13|725|1|86||853
99|Albania|138,790|+658|2,477|+2|131,184|+142|5,129|3|48,288|862|998,817|347,510|2,874,212|Europe|21|1,160|3|229|0.7|1,784
100|Estonia|138,706|+221|1,281||131,527|+43|5,898|13|104,482|965|1,710,673|1,288,591|1,327,553|Europe|10|1,036|1|166||4,443
101|Namibia|123,483|+241|3,333|+8|117,342|+143|2,808|48|47,617|1,285|645,023|248,734|2,593,229|Africa|21|778|4|93|3|1,083
102|Zimbabwe|122,487|+199|4,236|+16|106,366|+882|11,885|12|8,107|280|1,223,089|80,950|15,109,127|Africa|123|3,567|12|13|1|787
103|Finland|121,543|+673|1,008||46,000||74,535|29|21,898|182|6,322,639|1,139,104|5,550,537|Europe|46|5,506|1|121||13,428
104|Ghana|113,957|+1,029|961|+16|106,571|+949|6,425|53|3,582|30|1,544,519|48,554|31,810,044|Africa|279|33,101|21|32|0.5|202
105|Cyprus|111,140|+311|477|+2|90,755||19,908|92|91,295|392|9,366,973|7,694,409|1,217,374|Asia|11|2,552|0|255|2|16,353
106|Montenegro|109,340|+598|1,666|+3|101,787|+285|5,887|11|174,065|2,652|583,040|928,176|628,157|Europe|6|377|1|952|5|9,372
107|Uganda|97,453||2,931||95,217||-695|527|2,057|62|1,536,425|32,428|47,378,859|Africa|486|16,165|31|||-14.67
108|El Salvador|92,686||2,831|+7|79,029||10,826|152|14,208|434|1,192,402|182,785|6,523,511|North America|70|2,304|5||1|1,660
109|Cambodia|88,735|+493|1,778|+16|84,506|+655|2,451||5,225|105|2,040,419|120,150|16,982,297|Asia|191|9,551|8|29|0.9|144
110|Rwanda|82,630|+415|1,010|+5|45,211|+7|36,409|47|6,205|76|2,301,288|172,811|13,316,785|Africa|161|13,185|6|31|0.4|2,734
111|Cameroon|82,454||1,338||80,433||683|152|3,021|49|1,751,774|64,177|27,296,155|Africa|331|20,401|16|||25
112|Maldives|79,864|+110|222||77,953|+183|1,689|18|144,846|403|1,291,245|2,341,881|551,371|Asia|7|2,484|0|200||3,063
113|Luxembourg|74,985||830||73,467||688|3|117,612|1,302|3,375,755|5,294,779|637,563|Europe|9|768|0|||1,079
114|Senegal|71,772|+144|1,659|+11|56,867|+536|13,246|52|4,162|96|714,821|41,451|17,244,776|Africa|240|10,395|24|8|0.6|768
115|Singapore|66,443|+37|47||65,528|+126|868|7|11,256|8|16,926,698|2,867,588|5,902,765|Asia|89|125,591|0|6||147
116|Jamaica|61,282|+794|1,371|+15|47,675|+47|12,236|45|20,593|461|529,741|178,010|2,975,902|North America|49|2,171|6|267|5|4,112
117|Malawi|59,399|+150|2,059|+15|45,396|+273|11,944|285|3,017|105|376,420|19,116|19,691,119|Africa|332|9,563|52|8|0.8|607
118|DRC|53,921|+22|1,053||30,858||22,010||582|11|304,201|3,283|92,649,394|Africa|1,718|87,986|305|0.2||238
119|Ivory Coast|53,456|+209|389|+9|52,206|+208|861||1,971|14|853,878|31,485|27,119,973|Africa|507|69,717|32|8|0.3|32
120|Réunion|46,754||310||42,770||3,674|33|51,800|343|173,764|192,516|902,593|Africa|19|2,912|5|||4,070
121|Angola|45,817|+234|1,140|+2|42,350|+93|2,327|8|1,347|34|830,836|24,418|34,025,564|Africa|743|29,847|41|7|0.06|68
122|Fiji|43,294|+198|433|+1|22,341|+516|20,520|310|47,900|479|359,263|397,482|903,847|Australia/Oceania|21|2,087|3|219|1|22,703
123|Australia|43,119|+890|978|+3|31,918|+325|10,223|90|1,669|38|29,159,840|1,128,619|25,836,752|Australia/Oceania|599|26,418|1|34|0.1|396
124|Trinidad and Tobago|42,962|+123|1,219|+4|36,185|+289|5,558|22|30,585|868|296,516|211,095|1,404,655|North America|33|1,152|5|88|3|3,957
125|Madagascar|42,842|+4|954||41,274||614|16|1,503|33|237,216|8,324|28,499,179|Africa|665|29,873|120|0.1||22
126|Eswatini|40,283|+753|991|+7|29,308|+540|9,984|10|34,317|844|300,331|255,853|1,173,844|Africa|29|1,185|4|641|6|8,505
127|Guadeloupe|40,018||324||2,250||37,444|23|99,995|810|335,167|837,495|400,202|North America|10|1,235|1|||93,563
128|Sudan|37,627||2,820||31,569||3,238||836|63|238,579|5,300|45,012,130|Africa|1,196|15,962|189|||72
129|French Polynesia|36,372||257||29,176||6,939|38|128,633|909|26,355|93,207|282,759|Australia/Oceania|8|1,100|11|||24,540
130|Malta|35,721|+68|436|+1|34,225|+44|1,060|3|80,655|984|1,159,266|2,617,539|442,884|Europe|12|1,016|0|154|2|2,393
131|Cabo Verde|34,686|+41|302||33,762|+37|622|23|61,624|537|205,858|365,733|562,864|Africa|16|1,864|3|73||1,105
132|French Guiana|33,060||204||9,995||22,861|23|107,523|663|347,345|1,129,687|307,470|South America|9|1,507|1|||74,352
133|Mauritania|31,642|+252|672|+7|27,883|+243|3,087|16|6,608|140|424,439|88,639|4,788,388|Africa|151|7,126|11|53|1|645
134|Martinique|31,369||243||104||31,022|1|83,666|648|292,898|781,201|374,933|North America|12|1,543|1|||82,740
135|Guinea|28,647|+123|308|+2|26,023|+139|2,316|24|2,116|23|528,868|39,068|13,537,073|Africa|473|43,952|26|9|0.1|171
136|Suriname|27,371|+161|697|+1|23,196|+110|3,478|12|46,186|1,176|99,154|167,315|592,620|South America|22|850|6|272|2|5,869
137|Syria|26,799|+80|1,964|+5|22,262|+19|2,573||1,490|109|103,566|5,759|17,983,437|Asia|671|9,157|174|4|0.3|143
138|Gabon|25,667||165||25,437||65|5|11,231|72|1,054,727|461,510|2,285,382|Africa|89|13,851|2|||28
139|Guyana|24,224|+177|591||22,318|+66|1,315|15|30,629|747|252,800|319,644|790,879|South America|33|1,338|3|224||1,663
140|Haiti|20,719||583||16,679||3,457||1,792|50|105,799|9,152|11,560,776|North America|558|19,830|109|||299
141|Mayotte|19,664||175||2,964||16,525|1|70,156|624|176,919|631,200|280,290|Africa|14|1,602|2|||58,957
142|Togo|19,491|+363|172||16,054|+109|3,265||2,293|20|444,818|52,337|8,499,104|Africa|436|49,413|19|43||384
143|Seychelles|19,390||101||18,650||639||195,778|1,020|21,504|217,122|99,041|Africa|5|981|5|||6,452
144|Papua New Guinea|17,832||192||17,547||93|7|1,951|21|150,870|16,507|9,139,706|Australia/Oceania|513|47,603|61|||10
145|Bahamas|16,962||330||13,539||3,093|16|42,669|830|128,688|323,724|397,524|North America|23|1,205|3|||7,781
146|Somalia|16,535||897||8,010||7,628||1,008|55|186,064|11,348|16,396,364|Africa|992|18,279|88|||465
147|Tajikistan|16,423|+49|124||16,174|+68|125||1,679|13|||9,781,011|Asia|596|78,879||5||13
148|Taiwan|15,916|+10|828|+1|14,847|+31|241||667|35|4,622,196|193,673|23,865,938|Asia|1,499|28,824|5|0.4|0.04|10
149|Belize|15,415||351||14,149||915|6|37,983|865|206,689|509,292|405,836|North America|26|1,156|2|||2,255
150|Andorra|14,988||129||14,729||130|7|193,628|1,667|193,595|2,501,034|77,406|Europe|5|600|0|||1,679
151|Curaçao|14,888||136||14,126||626|4|90,308|825|220,413|1,336,987|164,858|North America|11|1,212|1|-6.07||3,797
152|Mali|14,749|+9|536|+1|14,050|+5|163||705|26|369,738|17,680|20,912,567|Africa|1,418|39,016|57|0.4|0.05|8
153|Lesotho|14,371|+1|400||6,763||7,208||6,648|185|146,215|67,642|2,161,598|Africa|150|5,404|15|0.5||3,335
154|Timor-Leste|13,981|+281|46|+4|10,847|+71|3,088||10,379|34|169,501|125,837|1,346,993|Asia|96|29,282|8|209|3|2,293
155|Aruba|13,948|+77|126|+2|13,029|+337|793|14|130,011|1,174|177,885|1,658,091|107,283|North America|8|851|1|718|19|7,392
156|Burkina Faso|13,699|+4|171||13,447||81||636|8|208,443|9,671|21,553,744|Africa|1,573|126,045|103|0.2||4
157|Congo|13,398||179||12,421||798||2,362|32|188,207|33,180|5,672,315|Africa|423|31,689|30|||141
158|Laos|12,164|+411|11||4,604||7,549||1,645|1|358,190|48,432|7,395,697|Asia|608|672,336|21|56||1,021
159|Hong Kong|12,053|+3|212||11,762|+1|79||1,593|28|22,744,169|3,005,992|7,566,277|Asia|628|35,690|0|0.4||10
160|Djibouti|11,690||157||11,522||11||11,639|156|202,259|201,383|1,004,349|Africa|86|6,397|5|||11
161|CAR|11,251||99||6,859||4,293|2|2,284|20|60,228|12,228|4,925,267|Africa|438|49,750|82|||872
162|South Sudan|11,243||120||10,917||206||991|11|204,344|18,015|11,343,144|Africa|1,009|94,526|56|||18
163|Burundi|10,791||38||773||9,980||878|3|345,742|28,126|12,292,472|Africa|1,139|323,486|36|||812
164|Nicaragua|10,672||198||4,225||6,249||1,589|29|||6,714,287|North America|629|33,911||||931
165|Channel Islands|10,204||93||9,618||493||58,080|529|785,170|4,469,116|175,688|Europe|17|1,889|0|||2,806
166|Benin|10,183||119||8,402|+266|1,662|5|816|10|604,310|48,408|12,483,649|Africa|1,226|104,905|21|||133
167|Iceland|10,053|+73|30||8,921|+108|1,102|20|29,244|87|939,457|2,732,831|343,767|Europe|34|11,459|0|212||3,206
168|Gambia|9,364||285||8,763||316|3|3,755|114|101,817|40,830|2,493,705|Africa|266|8,750|24|||127
169|Equatorial Guinea|9,049||123||8,803||123||6,218|85|187,519|128,858|1,455,232|Africa|161|11,831|8|||85
170|Yemen|7,487|+33|1,416|+1|4,622|+17|1,449|23|245|46|214,742|7,024|30,572,294|Asia|4,083|21,591|142|1|0.03|47
171|Mauritius|7,070||22||1,854||5,194||5,549|17|358,675|281,496|1,274,175|Africa|180|57,917|4|||4,076
172|Saint Lucia|6,955||97||5,660||1,198|4|37,679|526|64,870|351,439|184,584|North America|27|1,903|3|||6,490
173|Eritrea|6,620|+2|37||6,560||23||1,838|10|23,693|6,577|3,602,282|Africa|544|97,359|152|0.6||6
174|Sierra Leone|6,347||121||4,335||1,891||778|15|160,729|19,694|8,161,354|Africa|1,286|67,449|51|||232
175|Isle of Man|6,274|+42|37||5,765|+73|472|1|73,341|433|83,753|979,041|85,546|Europe|14|2,312|1|491||5,517
176|Niger|5,767|+6|196||5,485|+1|86||229|8|138,966|5,515|25,199,159|Africa|4,370|128,567|181|0.2||3
177|Guinea-Bissau|5,496|+80|99||4,557|+36|840|4|2,720|49|88,742|43,914|2,020,829|Africa|368|20,412|23|40||416
178|liberia|5,459||148||2,715||2,596|2|1,051|29|128,246|24,697|5,192,697|Africa|951|35,086|40|||500
179|Gibraltar|5,281|+12|96||5,038|+1|147|6|156,799|2,850|329,777|9,791,479|33,680|Europe|6|351|0|356||4,365
180|San Marino|5,231||90||5,077||64|1|153,799|2,646|73,543|2,162,266|34,012|Europe|7|378|0|||1,882
181|Chad|4,985||174||4,805||6||294|10|136,789|8,065|16,960,608|Africa|3,402|97,475|124|||0.4
182|Barbados|4,640|+12|48||4,454|+10|138||16,124|167|247,193|858,977|287,776|North America|62|5,995|1|42||480
183|Comoros|4,048||147||3,888||13||4,545|165|||890,650|Africa|220|6,059||||15
184|Sint Maarten|3,394||42||3,037||315|2|78,149|967|37,841|871,310|43,430|North America|13|1,034|1|||7,253
185|Liechtenstein|3,219|+10|59||3,076||84|3|84,150|1,542|49,126|1,284,239|38,253|Europe|12|648|1|261||2,196
186|Monaco|3,129|+8|33||2,990|+10|106|6|79,097|834|54,960|1,389,317|39,559|Europe|13|1,199|1|202||2,680
187|Saint Martin|3,094||41||1,399||1,654|7|78,496|1,040|52,859|1,341,054|39,416|North America|13|961|1|||41,963
188|New Zealand|2,992|+24|26||2,873||93|5|598|5|2,653,699|530,517|5,002,100|Australia/Oceania|1,672|192,388|2|5||19
189|Bermuda|2,750|+35|33||2,593|+24|124|1|44,344|532|436,268|7,034,879|62,015|North America|23|1,879|0|564||2,000
190|Turks and Caicos|2,607|+6|19||2,503|+1|85|1|66,314|483|94,789|2,411,136|39,313|North America|15|2,069|0|153||2,162
191|Bhutan|2,585|+5|3||2,553|+6|29||3,309|4|798,573|1,022,130|781,283|Asia|302|260,428|1|6||37
192|British Virgin Islands|2,568||37||2,500||31|7|84,307|1,215|77,252|2,536,179|30,460|North America|12|823|0|||1,018
193|Sao Tome and Principe|2,524|+7|37||2,403|+2|84||11,279|165|14,689|65,639|223,786|Africa|89|6,048|15|31||375
194|St. Vincent Grenadines|2,320||12||2,261||47|2|20,837|108|64,768|581,703|111,342|North America|48|9,279|2|||422
195|Caribbean Netherlands|1,768|+1|17||1,721||30||66,714|641|20,707|781,367|26,501|North America|15|1,559|1|38||1,132
196|Antigua and Barbuda|1,490|+43|43||1,299|+14|148|9|15,073|435|17,409|176,110|98,853|North America|66|2,299|6|435||1,497
197|St. Barth|1,489||2||462||1,025||150,237|202|38,369|3,871,355|9,911|North America|7|4,956|0|||103,420
198|Brunei|1,455|+122|3||355|+4|1,097||3,290|7|195,607|442,300|442,250|Asia|304|147,417|2|276||2,480
199|Tanzania|1,367||50||183||1,134|7|22|0.8|||61,664,623|Africa|45,109|1,233,292||||18
200|Dominica|1,323|+370|1|+1|549|+171|773||18,327|14|41,298|572,074|72,190|North America|55|72,190|2|5,125|14|10,708
201|Faeroe Islands|995||2||988||5||20,275|41|396,000|8,069,282|49,075|Europe|49|24,538|0|||102
202|Saint Kitts and Nevis|792|+19|3||596||193|1|14,768|56|28,471|530,898|53,628|North America|68|17,876|2|354||3,599
203|Diamond Princess|712||13||699||0|||||||||||||
204|Cayman Islands|663|+5|2||649|+1|12||9,955|30|124,033|1,862,329|66,601|North America|100|33,301|1|75||180
205|Wallis and Futuna|445||7||438||0||40,403|636|20,508|1,861,994|11,014|Australia/Oceania|25|1,573|1|||
206|Greenland|298|+2|||212|+5|86|2|5,239||54,121|951,461|56,882|North America|191||1|35||1,512
207|Grenada|212|+16|1||182|+4|29||1,874|9|54,254|479,627|113,117|North America|534|113,117|2|141||256
208|Anguilla|166|+12|||135|+3|31||10,953||37,111|2,448,601|15,156|North America|91||0|792||2,045
209|New Caledonia|135|+1|||58||77||468||41,120|142,469|288,624|Australia/Oceania|2,138||7|3||267
210|Falkland Islands|66||||63||3||18,359||7,409|2,060,918|3,595|South America|54||0|||834
211|Macao|63||||59||4||96||4,739|7,187|659,409|Asia|10,467||139|||6
212|Saint Pierre Miquelon|30||||30||0||5,207||7,800|1,353,697|5,762|North America|192||1|||
213|Vatican City|27||||27||0||33,624||||803|Europe|30|||||
214|Montserrat|25||1||20||4||5,005|200|1,408|281,882|4,995|North America|200|4,995|4|||801
215|Solomon Islands|20||||20||0||28||4,500|6,374|706,011|Australia/Oceania|35,301||157|||
216|Western Sahara|10||1||8||1||16|2|||614,016|Africa|61,402|614,016||||2
217|MS Zaandam|9||2||7||0|||||||||||||
218|Vanuatu|4||1||3||0||13|3|23,000|72,947|315,297|Australia/Oceania|78,824|315,297|14|||
219|Marshall Islands|4||||4||0||67||||59,645|Australia/Oceania|14,911|||||
220|Samoa|3||||3||0||15||||199,916|Australia/Oceania|66,639|||||
221|Saint Helena|2||||2||0||328||||6,098|Africa|3,049|||||
222|Micronesia|1||||1||0||9||||116,396|Australia/Oceania|116,396|||||
